Label,X,Y
WRIST,210,421
THUMB_CMC,254,402
THUMB_MCP,291,360
THUMB_IP,311,321
THUMB_TIP,325,290
INDEX_FINGER_MCP,249,311
INDEX_FINGER_PIP,264,268
INDEX_FINGER_DIP,273,239
INDEX_FINGER_TIP,280,216
MIDDLE_FINGER_MCP,218,303
MIDDLE_FINGER_PIP,222,249
MIDDLE_FINGER_DIP,224,214
MIDDLE_FINGER_TIP,226,185
RING_FINGER_MCP,189,306
RING_FINGER_PIP,190,256
RING_FINGER_DIP,193,223
RING_FINGER_TIP,196,197
PINKY_MCP,162,322
PINKY_PIP,151,284
PINKY_DIP,146,258
PINKY_TIP,143,237
WRIST,230,393
THUMB_CMC,276,364
THUMB_MCP,312,326
THUMB_IP,333,292
THUMB_TIP,347,262
INDEX_FINGER_MCP,273,270
INDEX_FINGER_PIP,286,225
INDEX_FINGER_DIP,294,194
INDEX_FINGER_TIP,301,169
MIDDLE_FINGER_MCP,245,267
MIDDLE_FINGER_PIP,251,221
MIDDLE_FINGER_DIP,255,187
MIDDLE_FINGER_TIP,258,159
RING_FINGER_MCP,216,271
RING_FINGER_PIP,216,229
RING_FINGER_DIP,219,197
RING_FINGER_TIP,221,170
PINKY_MCP,189,286
PINKY_PIP,181,253
PINKY_DIP,178,230
PINKY_TIP,177,211
WRIST,240,380
THUMB_CMC,281,357
THUMB_MCP,314,323
THUMB_IP,333,292
THUMB_TIP,345,264
INDEX_FINGER_MCP,278,263
INDEX_FINGER_PIP,289,217
INDEX_FINGER_DIP,295,189
INDEX_FINGER_TIP,298,166
MIDDLE_FINGER_MCP,248,260
MIDDLE_FINGER_PIP,251,213
MIDDLE_FINGER_DIP,252,180
MIDDLE_FINGER_TIP,250,154
RING_FINGER_MCP,219,267
RING_FINGER_PIP,217,222
RING_FINGER_DIP,217,192
RING_FINGER_TIP,217,168
PINKY_MCP,192,284
PINKY_PIP,179,250
PINKY_DIP,172,228
PINKY_TIP,168,209
WRIST,270,348
THUMB_CMC,311,314
THUMB_MCP,340,283
THUMB_IP,359,254
THUMB_TIP,375,229
INDEX_FINGER_MCP,313,229
INDEX_FINGER_PIP,332,191
INDEX_FINGER_DIP,342,167
INDEX_FINGER_TIP,350,145
MIDDLE_FINGER_MCP,288,223
MIDDLE_FINGER_PIP,294,176
MIDDLE_FINGER_DIP,299,147
MIDDLE_FINGER_TIP,303,122
RING_FINGER_MCP,264,226
RING_FINGER_PIP,266,183
RING_FINGER_DIP,269,155
RING_FINGER_TIP,272,132
PINKY_MCP,239,240
PINKY_PIP,230,208
PINKY_DIP,226,185
PINKY_TIP,224,165
WRIST,280,321
THUMB_CMC,321,296
THUMB_MCP,351,265
THUMB_IP,370,239
THUMB_TIP,384,215
INDEX_FINGER_MCP,327,216
INDEX_FINGER_PIP,345,177
INDEX_FINGER_DIP,354,155
INDEX_FINGER_TIP,361,136
MIDDLE_FINGER_MCP,303,209
MIDDLE_FINGER_PIP,310,161
MIDDLE_FINGER_DIP,316,134
MIDDLE_FINGER_TIP,320,112
RING_FINGER_MCP,280,212
RING_FINGER_PIP,280,167
RING_FINGER_DIP,284,141
RING_FINGER_TIP,290,119
PINKY_MCP,256,223
PINKY_PIP,247,191
PINKY_DIP,244,169
PINKY_TIP,244,148
WRIST,283,309
THUMB_CMC,322,287
THUMB_MCP,355,258
THUMB_IP,375,232
THUMB_TIP,387,209
INDEX_FINGER_MCP,328,208
INDEX_FINGER_PIP,346,171
INDEX_FINGER_DIP,356,150
INDEX_FINGER_TIP,365,132
MIDDLE_FINGER_MCP,305,201
MIDDLE_FINGER_PIP,314,156
MIDDLE_FINGER_DIP,320,130
MIDDLE_FINGER_TIP,325,110
RING_FINGER_MCP,283,204
RING_FINGER_PIP,285,161
RING_FINGER_DIP,289,136
RING_FINGER_TIP,294,116
PINKY_MCP,261,213
PINKY_PIP,254,182
PINKY_DIP,252,161
PINKY_TIP,251,141
WRIST,285,305
THUMB_CMC,321,285
THUMB_MCP,354,257
THUMB_IP,374,232
THUMB_TIP,386,209
INDEX_FINGER_MCP,327,208
INDEX_FINGER_PIP,346,171
INDEX_FINGER_DIP,356,149
INDEX_FINGER_TIP,365,132
MIDDLE_FINGER_MCP,305,201
MIDDLE_FINGER_PIP,314,156
MIDDLE_FINGER_DIP,321,129
MIDDLE_FINGER_TIP,326,109
RING_FINGER_MCP,284,203
RING_FINGER_PIP,287,161
RING_FINGER_DIP,291,136
RING_FINGER_TIP,296,116
PINKY_MCP,263,213
PINKY_PIP,255,183
PINKY_DIP,252,162
PINKY_TIP,251,143
WRIST,287,294
THUMB_CMC,322,276
THUMB_MCP,353,249
THUMB_IP,374,225
THUMB_TIP,386,202
INDEX_FINGER_MCP,327,200
INDEX_FINGER_PIP,344,165
INDEX_FINGER_DIP,355,143
INDEX_FINGER_TIP,363,126
MIDDLE_FINGER_MCP,306,194
MIDDLE_FINGER_PIP,315,151
MIDDLE_FINGER_DIP,320,125
MIDDLE_FINGER_TIP,324,105
RING_FINGER_MCP,285,196
RING_FINGER_PIP,287,156
RING_FINGER_DIP,290,132
RING_FINGER_TIP,295,113
PINKY_MCP,264,205
PINKY_PIP,256,176
PINKY_DIP,253,156
PINKY_TIP,252,138
WRIST,286,293
THUMB_CMC,320,274
THUMB_MCP,350,248
THUMB_IP,370,224
THUMB_TIP,382,201
INDEX_FINGER_MCP,324,201
INDEX_FINGER_PIP,341,165
INDEX_FINGER_DIP,351,143
INDEX_FINGER_TIP,359,125
MIDDLE_FINGER_MCP,303,195
MIDDLE_FINGER_PIP,312,151
MIDDLE_FINGER_DIP,317,125
MIDDLE_FINGER_TIP,321,104
RING_FINGER_MCP,283,196
RING_FINGER_PIP,285,157
RING_FINGER_DIP,288,133
RING_FINGER_TIP,293,113
PINKY_MCP,263,205
PINKY_PIP,255,177
PINKY_DIP,251,157
PINKY_TIP,250,139
WRIST,285,292
THUMB_CMC,319,275
THUMB_MCP,349,249
THUMB_IP,369,224
THUMB_TIP,382,201
INDEX_FINGER_MCP,323,201
INDEX_FINGER_PIP,341,165
INDEX_FINGER_DIP,351,143
INDEX_FINGER_TIP,360,125
MIDDLE_FINGER_MCP,302,194
MIDDLE_FINGER_PIP,311,152
MIDDLE_FINGER_DIP,317,125
MIDDLE_FINGER_TIP,321,104
RING_FINGER_MCP,282,196
RING_FINGER_PIP,284,157
RING_FINGER_DIP,288,132
RING_FINGER_TIP,292,113
PINKY_MCP,262,205
PINKY_PIP,254,176
PINKY_DIP,251,156
PINKY_TIP,250,138
WRIST,284,292
THUMB_CMC,318,275
THUMB_MCP,347,249
THUMB_IP,366,224
THUMB_TIP,378,202
INDEX_FINGER_MCP,321,202
INDEX_FINGER_PIP,338,166
INDEX_FINGER_DIP,348,144
INDEX_FINGER_TIP,356,127
MIDDLE_FINGER_MCP,300,195
MIDDLE_FINGER_PIP,308,153
MIDDLE_FINGER_DIP,314,127
MIDDLE_FINGER_TIP,318,106
RING_FINGER_MCP,279,198
RING_FINGER_PIP,281,159
RING_FINGER_DIP,285,135
RING_FINGER_TIP,289,115
PINKY_MCP,259,207
PINKY_PIP,251,179
PINKY_DIP,247,159
PINKY_TIP,246,141
WRIST,277,299
THUMB_CMC,311,281
THUMB_MCP,340,256
THUMB_IP,358,232
THUMB_TIP,371,210
INDEX_FINGER_MCP,316,207
INDEX_FINGER_PIP,331,173
INDEX_FINGER_DIP,340,152
INDEX_FINGER_TIP,348,134
MIDDLE_FINGER_MCP,293,201
MIDDLE_FINGER_PIP,300,159
MIDDLE_FINGER_DIP,304,134
MIDDLE_FINGER_TIP,308,114
RING_FINGER_MCP,272,204
RING_FINGER_PIP,274,166
RING_FINGER_DIP,276,144
RING_FINGER_TIP,279,125
PINKY_MCP,252,215
PINKY_PIP,244,186
PINKY_DIP,240,167
PINKY_TIP,238,149
WRIST,272,300
THUMB_CMC,306,283
THUMB_MCP,335,258
THUMB_IP,354,234
THUMB_TIP,364,212
INDEX_FINGER_MCP,310,210
INDEX_FINGER_PIP,326,176
INDEX_FINGER_DIP,335,155
INDEX_FINGER_TIP,342,138
MIDDLE_FINGER_MCP,288,204
MIDDLE_FINGER_PIP,295,163
MIDDLE_FINGER_DIP,300,138
MIDDLE_FINGER_TIP,303,118
RING_FINGER_MCP,267,207
RING_FINGER_PIP,269,169
RING_FINGER_DIP,272,146
RING_FINGER_TIP,276,127
PINKY_MCP,247,217
PINKY_PIP,240,189
PINKY_DIP,236,171
PINKY_TIP,234,153
WRIST,271,301
THUMB_CMC,305,283
THUMB_MCP,334,257
THUMB_IP,352,233
THUMB_TIP,364,211
INDEX_FINGER_MCP,309,211
INDEX_FINGER_PIP,326,176
INDEX_FINGER_DIP,335,155
INDEX_FINGER_TIP,343,138
MIDDLE_FINGER_MCP,287,205
MIDDLE_FINGER_PIP,295,164
MIDDLE_FINGER_DIP,299,138
MIDDLE_FINGER_TIP,302,117
RING_FINGER_MCP,267,208
RING_FINGER_PIP,269,169
RING_FINGER_DIP,272,146
RING_FINGER_TIP,276,127
PINKY_MCP,247,218
PINKY_PIP,239,190
PINKY_DIP,236,171
PINKY_TIP,234,153
WRIST,268,303
THUMB_CMC,301,284
THUMB_MCP,329,259
THUMB_IP,346,235
THUMB_TIP,358,213
INDEX_FINGER_MCP,303,213
INDEX_FINGER_PIP,318,178
INDEX_FINGER_DIP,326,156
INDEX_FINGER_TIP,333,138
MIDDLE_FINGER_MCP,282,207
MIDDLE_FINGER_PIP,288,166
MIDDLE_FINGER_DIP,292,141
MIDDLE_FINGER_TIP,294,120
RING_FINGER_MCP,262,210
RING_FINGER_PIP,263,172
RING_FINGER_DIP,265,148
RING_FINGER_TIP,268,128
PINKY_MCP,241,220
PINKY_PIP,232,193
PINKY_DIP,228,174
PINKY_TIP,225,156
WRIST,267,303
THUMB_CMC,299,285
THUMB_MCP,327,259
THUMB_IP,344,235
THUMB_TIP,356,215
INDEX_FINGER_MCP,301,213
INDEX_FINGER_PIP,316,178
INDEX_FINGER_DIP,325,157
INDEX_FINGER_TIP,331,140
MIDDLE_FINGER_MCP,280,209
MIDDLE_FINGER_PIP,286,167
MIDDLE_FINGER_DIP,290,141
MIDDLE_FINGER_TIP,293,121
RING_FINGER_MCP,259,211
RING_FINGER_PIP,261,173
RING_FINGER_DIP,263,149
RING_FINGER_TIP,266,130
PINKY_MCP,239,222
PINKY_PIP,230,194
PINKY_DIP,226,175
PINKY_TIP,224,158
WRIST,267,303
THUMB_CMC,300,285
THUMB_MCP,327,259
THUMB_IP,345,235
THUMB_TIP,356,214
INDEX_FINGER_MCP,301,213
INDEX_FINGER_PIP,316,178
INDEX_FINGER_DIP,324,157
INDEX_FINGER_TIP,330,139
MIDDLE_FINGER_MCP,279,209
MIDDLE_FINGER_PIP,286,168
MIDDLE_FINGER_DIP,289,142
MIDDLE_FINGER_TIP,292,121
RING_FINGER_MCP,259,212
RING_FINGER_PIP,260,173
RING_FINGER_DIP,263,149
RING_FINGER_TIP,266,130
PINKY_MCP,239,222
PINKY_PIP,230,195
PINKY_DIP,226,176
PINKY_TIP,224,158
WRIST,268,306
THUMB_CMC,300,288
THUMB_MCP,328,261
THUMB_IP,346,237
THUMB_TIP,357,216
INDEX_FINGER_MCP,301,216
INDEX_FINGER_PIP,316,181
INDEX_FINGER_DIP,325,160
INDEX_FINGER_TIP,331,142
MIDDLE_FINGER_MCP,280,211
MIDDLE_FINGER_PIP,286,170
MIDDLE_FINGER_DIP,290,144
MIDDLE_FINGER_TIP,292,123
RING_FINGER_MCP,260,214
RING_FINGER_PIP,261,176
RING_FINGER_DIP,263,152
RING_FINGER_TIP,265,132
PINKY_MCP,240,225
PINKY_PIP,231,197
PINKY_DIP,227,178
PINKY_TIP,224,161
WRIST,273,308
THUMB_CMC,306,290
THUMB_MCP,333,264
THUMB_IP,350,240
THUMB_TIP,360,219
INDEX_FINGER_MCP,307,218
INDEX_FINGER_PIP,321,184
INDEX_FINGER_DIP,330,163
INDEX_FINGER_TIP,336,146
MIDDLE_FINGER_MCP,285,213
MIDDLE_FINGER_PIP,290,173
MIDDLE_FINGER_DIP,294,147
MIDDLE_FINGER_TIP,297,126
RING_FINGER_MCP,265,216
RING_FINGER_PIP,265,178
RING_FINGER_DIP,267,154
RING_FINGER_TIP,271,135
PINKY_MCP,245,227
PINKY_PIP,235,200
PINKY_DIP,231,181
PINKY_TIP,228,164
WRIST,275,309
THUMB_CMC,307,292
THUMB_MCP,334,266
THUMB_IP,352,241
THUMB_TIP,364,220
INDEX_FINGER_MCP,309,218
INDEX_FINGER_PIP,324,185
INDEX_FINGER_DIP,332,164
INDEX_FINGER_TIP,339,147
MIDDLE_FINGER_MCP,288,213
MIDDLE_FINGER_PIP,293,174
MIDDLE_FINGER_DIP,297,148
MIDDLE_FINGER_TIP,299,128
RING_FINGER_MCP,268,217
RING_FINGER_PIP,268,180
RING_FINGER_DIP,270,156
RING_FINGER_TIP,274,136
PINKY_MCP,248,228
PINKY_PIP,237,202
PINKY_DIP,231,183
PINKY_TIP,228,166
WRIST,276,309
THUMB_CMC,307,291
THUMB_MCP,335,265
THUMB_IP,353,241
THUMB_TIP,365,219
INDEX_FINGER_MCP,309,219
INDEX_FINGER_PIP,324,185
INDEX_FINGER_DIP,333,164
INDEX_FINGER_TIP,339,147
MIDDLE_FINGER_MCP,288,214
MIDDLE_FINGER_PIP,294,174
MIDDLE_FINGER_DIP,297,149
MIDDLE_FINGER_TIP,299,127
RING_FINGER_MCP,268,217
RING_FINGER_PIP,269,180
RING_FINGER_DIP,271,156
RING_FINGER_TIP,273,136
PINKY_MCP,249,228
PINKY_PIP,238,202
PINKY_DIP,232,184
PINKY_TIP,227,166
WRIST,277,309
THUMB_CMC,309,291
THUMB_MCP,336,265
THUMB_IP,354,241
THUMB_TIP,366,219
INDEX_FINGER_MCP,311,219
INDEX_FINGER_PIP,326,186
INDEX_FINGER_DIP,335,165
INDEX_FINGER_TIP,342,147
MIDDLE_FINGER_MCP,290,214
MIDDLE_FINGER_PIP,295,174
MIDDLE_FINGER_DIP,299,149
MIDDLE_FINGER_TIP,301,128
RING_FINGER_MCP,270,217
RING_FINGER_PIP,271,179
RING_FINGER_DIP,272,156
RING_FINGER_TIP,274,136
PINKY_MCP,251,228
PINKY_PIP,239,202
PINKY_DIP,232,184
PINKY_TIP,227,166
WRIST,280,309
THUMB_CMC,311,292
THUMB_MCP,338,266
THUMB_IP,356,242
THUMB_TIP,368,220
INDEX_FINGER_MCP,313,220
INDEX_FINGER_PIP,328,187
INDEX_FINGER_DIP,336,166
INDEX_FINGER_TIP,343,148
MIDDLE_FINGER_MCP,292,215
MIDDLE_FINGER_PIP,297,175
MIDDLE_FINGER_DIP,300,150
MIDDLE_FINGER_TIP,303,130
RING_FINGER_MCP,272,218
RING_FINGER_PIP,272,181
RING_FINGER_DIP,274,158
RING_FINGER_TIP,276,138
PINKY_MCP,254,229
PINKY_PIP,240,204
PINKY_DIP,233,186
PINKY_TIP,227,169
WRIST,280,310
THUMB_CMC,312,292
THUMB_MCP,338,266
THUMB_IP,357,242
THUMB_TIP,369,220
INDEX_FINGER_MCP,314,221
INDEX_FINGER_PIP,328,187
INDEX_FINGER_DIP,337,166
INDEX_FINGER_TIP,344,149
MIDDLE_FINGER_MCP,293,216
MIDDLE_FINGER_PIP,298,176
MIDDLE_FINGER_DIP,301,151
MIDDLE_FINGER_TIP,303,130
RING_FINGER_MCP,273,219
RING_FINGER_PIP,273,182
RING_FINGER_DIP,274,158
RING_FINGER_TIP,276,138
PINKY_MCP,254,230
PINKY_PIP,241,205
PINKY_DIP,233,187
PINKY_TIP,227,170
WRIST,280,310
THUMB_CMC,312,292
THUMB_MCP,339,266
THUMB_IP,357,242
THUMB_TIP,369,220
INDEX_FINGER_MCP,314,221
INDEX_FINGER_PIP,328,187
INDEX_FINGER_DIP,337,166
INDEX_FINGER_TIP,343,148
MIDDLE_FINGER_MCP,293,216
MIDDLE_FINGER_PIP,298,176
MIDDLE_FINGER_DIP,301,151
MIDDLE_FINGER_TIP,303,130
RING_FINGER_MCP,273,219
RING_FINGER_PIP,273,182
RING_FINGER_DIP,274,158
RING_FINGER_TIP,276,138
PINKY_MCP,254,230
PINKY_PIP,241,205
PINKY_DIP,233,187
PINKY_TIP,227,170
WRIST,281,310
THUMB_CMC,312,293
THUMB_MCP,339,267
THUMB_IP,357,243
THUMB_TIP,369,222
INDEX_FINGER_MCP,314,222
INDEX_FINGER_PIP,329,188
INDEX_FINGER_DIP,337,167
INDEX_FINGER_TIP,344,149
MIDDLE_FINGER_MCP,293,217
MIDDLE_FINGER_PIP,298,177
MIDDLE_FINGER_DIP,301,152
MIDDLE_FINGER_TIP,303,132
RING_FINGER_MCP,273,220
RING_FINGER_PIP,273,183
RING_FINGER_DIP,274,159
RING_FINGER_TIP,276,139
PINKY_MCP,253,231
PINKY_PIP,240,206
PINKY_DIP,232,188
PINKY_TIP,226,171
WRIST,279,309
THUMB_CMC,310,292
THUMB_MCP,337,267
THUMB_IP,355,243
THUMB_TIP,368,222
INDEX_FINGER_MCP,311,222
INDEX_FINGER_PIP,326,188
INDEX_FINGER_DIP,334,168
INDEX_FINGER_TIP,341,151
MIDDLE_FINGER_MCP,290,217
MIDDLE_FINGER_PIP,295,176
MIDDLE_FINGER_DIP,299,151
MIDDLE_FINGER_TIP,301,131
RING_FINGER_MCP,270,220
RING_FINGER_PIP,269,183
RING_FINGER_DIP,270,159
RING_FINGER_TIP,272,138
PINKY_MCP,251,231
PINKY_PIP,237,205
PINKY_DIP,229,188
PINKY_TIP,223,170
WRIST,277,309
THUMB_CMC,308,292
THUMB_MCP,335,267
THUMB_IP,353,244
THUMB_TIP,365,223
INDEX_FINGER_MCP,310,223
INDEX_FINGER_PIP,324,189
INDEX_FINGER_DIP,333,168
INDEX_FINGER_TIP,339,151
MIDDLE_FINGER_MCP,288,217
MIDDLE_FINGER_PIP,294,177
MIDDLE_FINGER_DIP,297,152
MIDDLE_FINGER_TIP,298,132
RING_FINGER_MCP,268,220
RING_FINGER_PIP,267,183
RING_FINGER_DIP,268,159
RING_FINGER_TIP,269,139
PINKY_MCP,249,231
PINKY_PIP,235,206
PINKY_DIP,227,188
PINKY_TIP,221,171
WRIST,277,309
THUMB_CMC,309,293
THUMB_MCP,336,268
THUMB_IP,353,244
THUMB_TIP,365,223
INDEX_FINGER_MCP,310,223
INDEX_FINGER_PIP,324,189
INDEX_FINGER_DIP,333,168
INDEX_FINGER_TIP,339,151
MIDDLE_FINGER_MCP,288,218
MIDDLE_FINGER_PIP,293,177
MIDDLE_FINGER_DIP,296,152
MIDDLE_FINGER_TIP,298,131
RING_FINGER_MCP,268,221
RING_FINGER_PIP,268,184
RING_FINGER_DIP,268,160
RING_FINGER_TIP,269,139
PINKY_MCP,249,232
PINKY_PIP,235,207
PINKY_DIP,226,189
PINKY_TIP,220,172
WRIST,274,309
THUMB_CMC,305,293
THUMB_MCP,332,268
THUMB_IP,350,244
THUMB_TIP,362,224
INDEX_FINGER_MCP,307,222
INDEX_FINGER_PIP,321,189
INDEX_FINGER_DIP,329,168
INDEX_FINGER_TIP,335,150
MIDDLE_FINGER_MCP,285,217
MIDDLE_FINGER_PIP,289,177
MIDDLE_FINGER_DIP,292,152
MIDDLE_FINGER_TIP,293,132
RING_FINGER_MCP,264,221
RING_FINGER_PIP,263,183
RING_FINGER_DIP,264,159
RING_FINGER_TIP,265,139
PINKY_MCP,245,232
PINKY_PIP,231,206
PINKY_DIP,223,189
PINKY_TIP,216,172
WRIST,273,311
THUMB_CMC,304,294
THUMB_MCP,331,269
THUMB_IP,349,245
THUMB_TIP,361,224
INDEX_FINGER_MCP,306,223
INDEX_FINGER_PIP,320,190
INDEX_FINGER_DIP,328,168
INDEX_FINGER_TIP,334,150
MIDDLE_FINGER_MCP,284,219
MIDDLE_FINGER_PIP,288,178
MIDDLE_FINGER_DIP,290,153
MIDDLE_FINGER_TIP,292,133
RING_FINGER_MCP,264,222
RING_FINGER_PIP,262,186
RING_FINGER_DIP,262,161
RING_FINGER_TIP,264,140
PINKY_MCP,244,234
PINKY_PIP,230,208
PINKY_DIP,221,191
PINKY_TIP,215,173
WRIST,273,312
THUMB_CMC,305,295
THUMB_MCP,331,270
THUMB_IP,349,246
THUMB_TIP,362,225
INDEX_FINGER_MCP,305,224
INDEX_FINGER_PIP,319,190
INDEX_FINGER_DIP,327,169
INDEX_FINGER_TIP,334,151
MIDDLE_FINGER_MCP,283,219
MIDDLE_FINGER_PIP,287,179
MIDDLE_FINGER_DIP,290,154
MIDDLE_FINGER_TIP,292,133
RING_FINGER_MCP,263,223
RING_FINGER_PIP,261,186
RING_FINGER_DIP,261,162
RING_FINGER_TIP,263,141
PINKY_MCP,244,235
PINKY_PIP,229,209
PINKY_DIP,220,192
PINKY_TIP,214,174
WRIST,273,312
THUMB_CMC,305,295
THUMB_MCP,331,270
THUMB_IP,349,246
THUMB_TIP,362,225
INDEX_FINGER_MCP,305,224
INDEX_FINGER_PIP,319,190
INDEX_FINGER_DIP,327,169
INDEX_FINGER_TIP,334,151
MIDDLE_FINGER_MCP,283,219
MIDDLE_FINGER_PIP,287,179
MIDDLE_FINGER_DIP,290,153
MIDDLE_FINGER_TIP,291,132
RING_FINGER_MCP,263,223
RING_FINGER_PIP,261,186
RING_FINGER_DIP,261,162
RING_FINGER_TIP,262,141
PINKY_MCP,244,235
PINKY_PIP,229,209
PINKY_DIP,220,192
PINKY_TIP,213,175
WRIST,273,312
THUMB_CMC,304,296
THUMB_MCP,331,271
THUMB_IP,349,247
THUMB_TIP,362,226
INDEX_FINGER_MCP,305,224
INDEX_FINGER_PIP,319,190
INDEX_FINGER_DIP,328,169
INDEX_FINGER_TIP,334,151
MIDDLE_FINGER_MCP,283,219
MIDDLE_FINGER_PIP,287,178
MIDDLE_FINGER_DIP,290,153
MIDDLE_FINGER_TIP,292,132
RING_FINGER_MCP,263,223
RING_FINGER_PIP,261,186
RING_FINGER_DIP,261,162
RING_FINGER_TIP,263,141
PINKY_MCP,244,235
PINKY_PIP,229,210
PINKY_DIP,220,192
PINKY_TIP,213,175
WRIST,273,311
THUMB_CMC,304,295
THUMB_MCP,331,270
THUMB_IP,349,246
THUMB_TIP,362,225
INDEX_FINGER_MCP,306,223
INDEX_FINGER_PIP,320,189
INDEX_FINGER_DIP,328,168
INDEX_FINGER_TIP,334,150
MIDDLE_FINGER_MCP,284,218
MIDDLE_FINGER_PIP,288,178
MIDDLE_FINGER_DIP,290,152
MIDDLE_FINGER_TIP,292,131
RING_FINGER_MCP,264,222
RING_FINGER_PIP,262,185
RING_FINGER_DIP,261,161
RING_FINGER_TIP,263,140
PINKY_MCP,245,234
PINKY_PIP,229,210
PINKY_DIP,220,192
PINKY_TIP,213,175
WRIST,273,311
THUMB_CMC,305,294
THUMB_MCP,331,269
THUMB_IP,349,245
THUMB_TIP,362,224
INDEX_FINGER_MCP,306,223
INDEX_FINGER_PIP,320,190
INDEX_FINGER_DIP,328,168
INDEX_FINGER_TIP,335,151
MIDDLE_FINGER_MCP,284,218
MIDDLE_FINGER_PIP,288,178
MIDDLE_FINGER_DIP,291,153
MIDDLE_FINGER_TIP,293,132
RING_FINGER_MCP,264,222
RING_FINGER_PIP,262,185
RING_FINGER_DIP,262,161
RING_FINGER_TIP,263,140
PINKY_MCP,245,234
PINKY_PIP,230,209
PINKY_DIP,221,191
PINKY_TIP,214,174
WRIST,273,311
THUMB_CMC,305,294
THUMB_MCP,331,269
THUMB_IP,349,245
THUMB_TIP,362,225
INDEX_FINGER_MCP,305,223
INDEX_FINGER_PIP,320,190
INDEX_FINGER_DIP,328,168
INDEX_FINGER_TIP,335,150
MIDDLE_FINGER_MCP,284,218
MIDDLE_FINGER_PIP,288,178
MIDDLE_FINGER_DIP,291,153
MIDDLE_FINGER_TIP,292,132
RING_FINGER_MCP,264,222
RING_FINGER_PIP,262,185
RING_FINGER_DIP,262,161
RING_FINGER_TIP,263,140
PINKY_MCP,245,234
PINKY_PIP,229,209
PINKY_DIP,221,192
PINKY_TIP,214,174
WRIST,274,311
THUMB_CMC,305,294
THUMB_MCP,332,270
THUMB_IP,350,246
THUMB_TIP,362,225
INDEX_FINGER_MCP,306,223
INDEX_FINGER_PIP,320,190
INDEX_FINGER_DIP,328,169
INDEX_FINGER_TIP,335,151
MIDDLE_FINGER_MCP,284,218
MIDDLE_FINGER_PIP,288,178
MIDDLE_FINGER_DIP,291,153
MIDDLE_FINGER_TIP,292,132
RING_FINGER_MCP,264,222
RING_FINGER_PIP,262,185
RING_FINGER_DIP,262,161
RING_FINGER_TIP,263,140
PINKY_MCP,245,234
PINKY_PIP,230,209
PINKY_DIP,221,191
PINKY_TIP,215,174
WRIST,275,312
THUMB_CMC,307,295
THUMB_MCP,332,269
THUMB_IP,348,246
THUMB_TIP,357,225
INDEX_FINGER_MCP,309,224
INDEX_FINGER_PIP,320,190
INDEX_FINGER_DIP,327,170
INDEX_FINGER_TIP,333,153
MIDDLE_FINGER_MCP,286,220
MIDDLE_FINGER_PIP,288,179
MIDDLE_FINGER_DIP,289,155
MIDDLE_FINGER_TIP,290,134
RING_FINGER_MCP,265,224
RING_FINGER_PIP,263,187
RING_FINGER_DIP,263,163
RING_FINGER_TIP,265,142
PINKY_MCP,245,236
PINKY_PIP,233,211
PINKY_DIP,227,193
PINKY_TIP,224,176
WRIST,276,311
THUMB_CMC,307,293
THUMB_MCP,331,268
THUMB_IP,347,246
THUMB_TIP,354,226
INDEX_FINGER_MCP,307,223
INDEX_FINGER_PIP,317,190
INDEX_FINGER_DIP,324,171
INDEX_FINGER_TIP,330,154
MIDDLE_FINGER_MCP,285,219
MIDDLE_FINGER_PIP,286,179
MIDDLE_FINGER_DIP,288,155
MIDDLE_FINGER_TIP,290,134
RING_FINGER_MCP,265,224
RING_FINGER_PIP,262,188
RING_FINGER_DIP,263,164
RING_FINGER_TIP,266,144
PINKY_MCP,246,237
PINKY_PIP,235,211
PINKY_DIP,232,194
PINKY_TIP,231,177
WRIST,277,311
THUMB_CMC,307,293
THUMB_MCP,331,269
THUMB_IP,347,246
THUMB_TIP,354,226
INDEX_FINGER_MCP,307,223
INDEX_FINGER_PIP,318,190
INDEX_FINGER_DIP,324,170
INDEX_FINGER_TIP,330,154
MIDDLE_FINGER_MCP,285,219
MIDDLE_FINGER_PIP,286,179
MIDDLE_FINGER_DIP,288,155
MIDDLE_FINGER_TIP,290,134
RING_FINGER_MCP,265,224
RING_FINGER_PIP,262,188
RING_FINGER_DIP,263,164
RING_FINGER_TIP,266,144
PINKY_MCP,246,237
PINKY_PIP,236,212
PINKY_DIP,232,194
PINKY_TIP,232,177
WRIST,277,310
THUMB_CMC,307,291
THUMB_MCP,331,267
THUMB_IP,347,245
THUMB_TIP,352,225
INDEX_FINGER_MCP,307,222
INDEX_FINGER_PIP,317,190
INDEX_FINGER_DIP,323,171
INDEX_FINGER_TIP,330,156
MIDDLE_FINGER_MCP,285,219
MIDDLE_FINGER_PIP,286,180
MIDDLE_FINGER_DIP,287,156
MIDDLE_FINGER_TIP,289,136
RING_FINGER_MCP,266,224
RING_FINGER_PIP,262,189
RING_FINGER_DIP,264,167
RING_FINGER_TIP,268,147
PINKY_MCP,248,237
PINKY_PIP,239,212
PINKY_DIP,238,196
PINKY_TIP,240,180
WRIST,276,311
THUMB_CMC,302,285
THUMB_MCP,317,257
THUMB_IP,326,234
THUMB_TIP,323,213
INDEX_FINGER_MCP,303,220
INDEX_FINGER_PIP,308,187
INDEX_FINGER_DIP,317,201
INDEX_FINGER_TIP,316,219
MIDDLE_FINGER_MCP,287,221
MIDDLE_FINGER_PIP,292,185
MIDDLE_FINGER_DIP,304,203
MIDDLE_FINGER_TIP,304,222
RING_FINGER_MCP,271,228
RING_FINGER_PIP,273,192
RING_FINGER_DIP,287,211
RING_FINGER_TIP,290,231
PINKY_MCP,254,239
PINKY_PIP,260,214
PINKY_DIP,274,226
PINKY_TIP,279,243
WRIST,273,312
THUMB_CMC,300,286
THUMB_MCP,315,259
THUMB_IP,320,234
THUMB_TIP,313,215
INDEX_FINGER_MCP,301,225
INDEX_FINGER_PIP,300,191
INDEX_FINGER_DIP,309,192
INDEX_FINGER_TIP,314,205
MIDDLE_FINGER_MCP,284,226
MIDDLE_FINGER_PIP,281,186
MIDDLE_FINGER_DIP,293,196
MIDDLE_FINGER_TIP,300,214
RING_FINGER_MCP,268,233
RING_FINGER_PIP,270,197
RING_FINGER_DIP,285,213
RING_FINGER_TIP,291,233
PINKY_MCP,254,245
PINKY_PIP,264,225
PINKY_DIP,276,238
PINKY_TIP,281,255
WRIST,274,312
THUMB_CMC,301,287
THUMB_MCP,315,259
THUMB_IP,320,235
THUMB_TIP,314,214
INDEX_FINGER_MCP,300,227
INDEX_FINGER_PIP,300,192
INDEX_FINGER_DIP,309,193
INDEX_FINGER_TIP,314,206
MIDDLE_FINGER_MCP,284,228
MIDDLE_FINGER_PIP,283,187
MIDDLE_FINGER_DIP,295,196
MIDDLE_FINGER_TIP,301,214
RING_FINGER_MCP,269,234
RING_FINGER_PIP,271,197
RING_FINGER_DIP,286,212
RING_FINGER_TIP,292,232
PINKY_MCP,254,246
PINKY_PIP,264,224
PINKY_DIP,278,236
PINKY_TIP,282,254
WRIST,274,312
THUMB_CMC,300,288
THUMB_MCP,315,260
THUMB_IP,320,235
THUMB_TIP,312,215
INDEX_FINGER_MCP,302,228
INDEX_FINGER_PIP,304,195
INDEX_FINGER_DIP,311,195
INDEX_FINGER_TIP,315,208
MIDDLE_FINGER_MCP,285,228
MIDDLE_FINGER_PIP,284,187
MIDDLE_FINGER_DIP,295,195
MIDDLE_FINGER_TIP,300,213
RING_FINGER_MCP,269,233
RING_FINGER_PIP,272,196
RING_FINGER_DIP,285,212
RING_FINGER_TIP,291,232
PINKY_MCP,254,244
PINKY_PIP,266,225
PINKY_DIP,278,238
PINKY_TIP,283,255
WRIST,278,310
THUMB_CMC,302,293
THUMB_MCP,320,266
THUMB_IP,330,245
THUMB_TIP,325,226
INDEX_FINGER_MCP,304,227
INDEX_FINGER_PIP,311,192
INDEX_FINGER_DIP,319,199
INDEX_FINGER_TIP,321,213
MIDDLE_FINGER_MCP,286,227
MIDDLE_FINGER_PIP,290,188
MIDDLE_FINGER_DIP,302,199
MIDDLE_FINGER_TIP,306,217
RING_FINGER_MCP,268,233
RING_FINGER_PIP,268,195
RING_FINGER_DIP,283,208
RING_FINGER_TIP,291,225
PINKY_MCP,249,244
PINKY_PIP,254,220
PINKY_DIP,268,228
PINKY_TIP,276,241
WRIST,276,313
THUMB_CMC,303,293
THUMB_MCP,323,269
THUMB_IP,338,247
THUMB_TIP,344,230
INDEX_FINGER_MCP,305,227
INDEX_FINGER_PIP,312,199
INDEX_FINGER_DIP,317,185
INDEX_FINGER_TIP,322,177
MIDDLE_FINGER_MCP,287,224
MIDDLE_FINGER_PIP,291,193
MIDDLE_FINGER_DIP,294,179
MIDDLE_FINGER_TIP,298,171
RING_FINGER_MCP,268,229
RING_FINGER_PIP,269,200
RING_FINGER_DIP,272,187
RING_FINGER_TIP,277,182
PINKY_MCP,249,238
PINKY_PIP,245,217
PINKY_DIP,248,208
PINKY_TIP,254,206
WRIST,276,312
THUMB_CMC,302,294
THUMB_MCP,324,269
THUMB_IP,338,247
THUMB_TIP,343,230
INDEX_FINGER_MCP,307,226
INDEX_FINGER_PIP,316,198
INDEX_FINGER_DIP,321,182
INDEX_FINGER_TIP,326,170
MIDDLE_FINGER_MCP,288,223
MIDDLE_FINGER_PIP,292,194
MIDDLE_FINGER_DIP,295,178
MIDDLE_FINGER_TIP,299,168
RING_FINGER_MCP,269,228
RING_FINGER_PIP,269,200
RING_FINGER_DIP,272,187
RING_FINGER_TIP,277,179
PINKY_MCP,250,238
PINKY_PIP,245,217
PINKY_DIP,248,209
PINKY_TIP,254,206
WRIST,278,311
THUMB_CMC,306,297
THUMB_MCP,330,272
THUMB_IP,347,251
THUMB_TIP,360,233
INDEX_FINGER_MCP,307,225
INDEX_FINGER_PIP,316,196
INDEX_FINGER_DIP,323,178
INDEX_FINGER_TIP,330,165
MIDDLE_FINGER_MCP,286,221
MIDDLE_FINGER_PIP,288,186
MIDDLE_FINGER_DIP,292,164
MIDDLE_FINGER_TIP,296,147
RING_FINGER_MCP,266,226
RING_FINGER_PIP,264,194
RING_FINGER_DIP,267,174
RING_FINGER_TIP,272,157
PINKY_MCP,248,237
PINKY_PIP,242,213
PINKY_DIP,242,199
PINKY_TIP,246,187
WRIST,276,312
THUMB_CMC,308,299
THUMB_MCP,334,274
THUMB_IP,353,252
THUMB_TIP,369,233
INDEX_FINGER_MCP,310,224
INDEX_FINGER_PIP,323,190
INDEX_FINGER_DIP,332,168
INDEX_FINGER_TIP,339,150
MIDDLE_FINGER_MCP,286,218
MIDDLE_FINGER_PIP,288,178
MIDDLE_FINGER_DIP,291,152
MIDDLE_FINGER_TIP,293,130
RING_FINGER_MCP,265,223
RING_FINGER_PIP,262,186
RING_FINGER_DIP,260,162
RING_FINGER_TIP,260,141
PINKY_MCP,246,236
PINKY_PIP,230,212
PINKY_DIP,221,196
PINKY_TIP,216,178
WRIST,276,314
THUMB_CMC,309,299
THUMB_MCP,336,274
THUMB_IP,354,250
THUMB_TIP,371,232
INDEX_FINGER_MCP,310,224
INDEX_FINGER_PIP,325,190
INDEX_FINGER_DIP,333,168
INDEX_FINGER_TIP,339,149
MIDDLE_FINGER_MCP,287,219
MIDDLE_FINGER_PIP,290,177
MIDDLE_FINGER_DIP,292,152
MIDDLE_FINGER_TIP,292,130
RING_FINGER_MCP,266,224
RING_FINGER_PIP,262,186
RING_FINGER_DIP,261,162
RING_FINGER_TIP,260,140
PINKY_MCP,247,237
PINKY_PIP,230,213
PINKY_DIP,220,196
PINKY_TIP,211,180
WRIST,275,314
THUMB_CMC,308,299
THUMB_MCP,335,274
THUMB_IP,354,250
THUMB_TIP,371,233
INDEX_FINGER_MCP,309,225
INDEX_FINGER_PIP,325,190
INDEX_FINGER_DIP,333,168
INDEX_FINGER_TIP,339,150
MIDDLE_FINGER_MCP,287,219
MIDDLE_FINGER_PIP,290,178
MIDDLE_FINGER_DIP,292,152
MIDDLE_FINGER_TIP,292,131
RING_FINGER_MCP,266,224
RING_FINGER_PIP,262,186
RING_FINGER_DIP,261,162
RING_FINGER_TIP,260,141
PINKY_MCP,247,237
PINKY_PIP,230,213
PINKY_DIP,220,196
PINKY_TIP,211,180
WRIST,276,314
THUMB_CMC,309,298
THUMB_MCP,336,273
THUMB_IP,356,251
THUMB_TIP,374,234
INDEX_FINGER_MCP,311,224
INDEX_FINGER_PIP,326,190
INDEX_FINGER_DIP,334,169
INDEX_FINGER_TIP,340,150
MIDDLE_FINGER_MCP,288,219
MIDDLE_FINGER_PIP,292,178
MIDDLE_FINGER_DIP,294,153
MIDDLE_FINGER_TIP,294,133
RING_FINGER_MCP,267,223
RING_FINGER_PIP,263,186
RING_FINGER_DIP,261,162
RING_FINGER_TIP,260,142
PINKY_MCP,247,237
PINKY_PIP,230,213
PINKY_DIP,218,197
PINKY_TIP,209,181
WRIST,276,314
THUMB_CMC,310,298
THUMB_MCP,337,273
THUMB_IP,358,252
THUMB_TIP,377,236
INDEX_FINGER_MCP,312,224
INDEX_FINGER_PIP,326,191
INDEX_FINGER_DIP,334,169
INDEX_FINGER_TIP,339,151
MIDDLE_FINGER_MCP,289,219
MIDDLE_FINGER_PIP,292,178
MIDDLE_FINGER_DIP,294,153
MIDDLE_FINGER_TIP,294,133
RING_FINGER_MCP,267,223
RING_FINGER_PIP,264,187
RING_FINGER_DIP,261,163
RING_FINGER_TIP,260,143
PINKY_MCP,247,237
PINKY_PIP,230,213
PINKY_DIP,218,198
PINKY_TIP,209,183
WRIST,276,314
THUMB_CMC,310,298
THUMB_MCP,337,273
THUMB_IP,357,252
THUMB_TIP,376,236
INDEX_FINGER_MCP,312,224
INDEX_FINGER_PIP,326,190
INDEX_FINGER_DIP,334,169
INDEX_FINGER_TIP,339,151
MIDDLE_FINGER_MCP,289,219
MIDDLE_FINGER_PIP,292,178
MIDDLE_FINGER_DIP,294,153
MIDDLE_FINGER_TIP,294,133
RING_FINGER_MCP,267,223
RING_FINGER_PIP,264,187
RING_FINGER_DIP,261,164
RING_FINGER_TIP,260,144
PINKY_MCP,247,237
PINKY_PIP,230,214
PINKY_DIP,218,198
PINKY_TIP,209,183
WRIST,277,314
THUMB_CMC,310,298
THUMB_MCP,338,273
THUMB_IP,359,253
THUMB_TIP,378,239
INDEX_FINGER_MCP,312,223
INDEX_FINGER_PIP,327,190
INDEX_FINGER_DIP,334,169
INDEX_FINGER_TIP,339,151
MIDDLE_FINGER_MCP,289,218
MIDDLE_FINGER_PIP,292,178
MIDDLE_FINGER_DIP,294,154
MIDDLE_FINGER_TIP,294,134
RING_FINGER_MCP,267,223
RING_FINGER_PIP,264,187
RING_FINGER_DIP,262,164
RING_FINGER_TIP,261,145
PINKY_MCP,247,236
PINKY_PIP,230,213
PINKY_DIP,218,198
PINKY_TIP,209,183
WRIST,276,313
THUMB_CMC,309,298
THUMB_MCP,338,274
THUMB_IP,360,255
THUMB_TIP,380,243
INDEX_FINGER_MCP,312,223
INDEX_FINGER_PIP,326,190
INDEX_FINGER_DIP,333,169
INDEX_FINGER_TIP,338,151
MIDDLE_FINGER_MCP,288,218
MIDDLE_FINGER_PIP,292,178
MIDDLE_FINGER_DIP,294,154
MIDDLE_FINGER_TIP,294,134
RING_FINGER_MCP,267,223
RING_FINGER_PIP,263,187
RING_FINGER_DIP,261,164
RING_FINGER_TIP,259,145
PINKY_MCP,246,236
PINKY_PIP,229,213
PINKY_DIP,217,198
PINKY_TIP,207,183
WRIST,276,313
THUMB_CMC,310,298
THUMB_MCP,339,274
THUMB_IP,360,256
THUMB_TIP,381,244
INDEX_FINGER_MCP,312,223
INDEX_FINGER_PIP,326,190
INDEX_FINGER_DIP,333,169
INDEX_FINGER_TIP,338,152
MIDDLE_FINGER_MCP,288,218
MIDDLE_FINGER_PIP,292,179
MIDDLE_FINGER_DIP,293,154
MIDDLE_FINGER_TIP,292,135
RING_FINGER_MCP,266,223
RING_FINGER_PIP,263,187
RING_FINGER_DIP,261,164
RING_FINGER_TIP,259,145
PINKY_MCP,246,236
PINKY_PIP,228,214
PINKY_DIP,216,199
PINKY_TIP,207,184
WRIST,276,313
THUMB_CMC,309,298
THUMB_MCP,339,274
THUMB_IP,360,256
THUMB_TIP,381,245
INDEX_FINGER_MCP,312,223
INDEX_FINGER_PIP,326,190
INDEX_FINGER_DIP,333,169
INDEX_FINGER_TIP,338,152
MIDDLE_FINGER_MCP,288,218
MIDDLE_FINGER_PIP,292,179
MIDDLE_FINGER_DIP,293,154
MIDDLE_FINGER_TIP,292,135
RING_FINGER_MCP,266,223
RING_FINGER_PIP,263,187
RING_FINGER_DIP,261,164
RING_FINGER_TIP,259,145
PINKY_MCP,246,236
PINKY_PIP,228,214
PINKY_DIP,216,199
PINKY_TIP,207,184
WRIST,274,314
THUMB_CMC,308,299
THUMB_MCP,337,275
THUMB_IP,359,256
THUMB_TIP,380,245
INDEX_FINGER_MCP,310,223
INDEX_FINGER_PIP,324,190
INDEX_FINGER_DIP,331,169
INDEX_FINGER_TIP,336,151
MIDDLE_FINGER_MCP,286,218
MIDDLE_FINGER_PIP,290,178
MIDDLE_FINGER_DIP,290,154
MIDDLE_FINGER_TIP,289,134
RING_FINGER_MCP,264,223
RING_FINGER_PIP,261,187
RING_FINGER_DIP,258,164
RING_FINGER_TIP,255,145
PINKY_MCP,244,237
PINKY_PIP,226,215
PINKY_DIP,213,200
PINKY_TIP,203,186
WRIST,273,315
THUMB_CMC,307,300
THUMB_MCP,336,276
THUMB_IP,358,256
THUMB_TIP,379,244
INDEX_FINGER_MCP,309,224
INDEX_FINGER_PIP,322,190
INDEX_FINGER_DIP,329,169
INDEX_FINGER_TIP,333,151
MIDDLE_FINGER_MCP,285,219
MIDDLE_FINGER_PIP,288,179
MIDDLE_FINGER_DIP,289,155
MIDDLE_FINGER_TIP,287,134
RING_FINGER_MCP,263,224
RING_FINGER_PIP,259,188
RING_FINGER_DIP,256,165
RING_FINGER_TIP,253,145
PINKY_MCP,243,238
PINKY_PIP,224,215
PINKY_DIP,212,200
PINKY_TIP,202,185
WRIST,273,315
THUMB_CMC,307,300
THUMB_MCP,336,275
THUMB_IP,358,256
THUMB_TIP,379,244
INDEX_FINGER_MCP,308,224
INDEX_FINGER_PIP,321,191
INDEX_FINGER_DIP,328,169
INDEX_FINGER_TIP,332,151
MIDDLE_FINGER_MCP,284,220
MIDDLE_FINGER_PIP,287,179
MIDDLE_FINGER_DIP,287,154
MIDDLE_FINGER_TIP,286,134
RING_FINGER_MCP,262,225
RING_FINGER_PIP,258,188
RING_FINGER_DIP,255,165
RING_FINGER_TIP,252,146
PINKY_MCP,242,238
PINKY_PIP,223,216
PINKY_DIP,210,201
PINKY_TIP,201,186
WRIST,272,316
THUMB_CMC,306,300
THUMB_MCP,335,275
THUMB_IP,357,256
THUMB_TIP,379,244
INDEX_FINGER_MCP,308,224
INDEX_FINGER_PIP,321,190
INDEX_FINGER_DIP,328,169
INDEX_FINGER_TIP,332,151
MIDDLE_FINGER_MCP,284,220
MIDDLE_FINGER_PIP,287,179
MIDDLE_FINGER_DIP,287,154
MIDDLE_FINGER_TIP,286,134
RING_FINGER_MCP,262,225
RING_FINGER_PIP,258,189
RING_FINGER_DIP,255,165
RING_FINGER_TIP,253,145
PINKY_MCP,242,239
PINKY_PIP,223,216
PINKY_DIP,210,201
PINKY_TIP,200,186
WRIST,272,315
THUMB_CMC,305,300
THUMB_MCP,334,275
THUMB_IP,356,257
THUMB_TIP,377,246
INDEX_FINGER_MCP,307,224
INDEX_FINGER_PIP,321,191
INDEX_FINGER_DIP,327,169
INDEX_FINGER_TIP,332,151
MIDDLE_FINGER_MCP,283,220
MIDDLE_FINGER_PIP,286,179
MIDDLE_FINGER_DIP,287,154
MIDDLE_FINGER_TIP,285,134
RING_FINGER_MCP,261,225
RING_FINGER_PIP,257,188
RING_FINGER_DIP,254,165
RING_FINGER_TIP,251,146
PINKY_MCP,242,238
PINKY_PIP,223,216
PINKY_DIP,211,201
PINKY_TIP,201,187
WRIST,272,315
THUMB_CMC,305,301
THUMB_MCP,334,277
THUMB_IP,357,259
THUMB_TIP,378,248
INDEX_FINGER_MCP,309,226
INDEX_FINGER_PIP,324,192
INDEX_FINGER_DIP,332,171
INDEX_FINGER_TIP,337,154
MIDDLE_FINGER_MCP,286,221
MIDDLE_FINGER_PIP,290,180
MIDDLE_FINGER_DIP,292,155
MIDDLE_FINGER_TIP,291,135
RING_FINGER_MCP,265,225
RING_FINGER_PIP,261,188
RING_FINGER_DIP,259,165
RING_FINGER_TIP,257,145
PINKY_MCP,245,238
PINKY_PIP,227,214
PINKY_DIP,215,199
PINKY_TIP,204,184
WRIST,269,310
THUMB_CMC,304,300
THUMB_MCP,335,281
THUMB_IP,361,266
THUMB_TIP,382,256
INDEX_FINGER_MCP,319,227
INDEX_FINGER_PIP,336,194
INDEX_FINGER_DIP,345,174
INDEX_FINGER_TIP,351,157
MIDDLE_FINGER_MCP,297,219
MIDDLE_FINGER_PIP,303,179
MIDDLE_FINGER_DIP,307,155
MIDDLE_FINGER_TIP,308,134
RING_FINGER_MCP,275,220
RING_FINGER_PIP,274,184
RING_FINGER_DIP,273,161
RING_FINGER_TIP,273,142
PINKY_MCP,254,230
PINKY_PIP,237,207
PINKY_DIP,226,191
PINKY_TIP,217,176
WRIST,270,311
THUMB_CMC,304,301
THUMB_MCP,336,282
THUMB_IP,361,267
THUMB_TIP,383,257
INDEX_FINGER_MCP,319,227
INDEX_FINGER_PIP,336,195
INDEX_FINGER_DIP,344,175
INDEX_FINGER_TIP,350,158
MIDDLE_FINGER_MCP,297,219
MIDDLE_FINGER_PIP,304,180
MIDDLE_FINGER_DIP,306,155
MIDDLE_FINGER_TIP,306,135
RING_FINGER_MCP,275,220
RING_FINGER_PIP,275,184
RING_FINGER_DIP,274,162
RING_FINGER_TIP,273,143
PINKY_MCP,253,230
PINKY_PIP,238,205
PINKY_DIP,228,189
PINKY_TIP,219,175
WRIST,260,288
THUMB_CMC,297,294
THUMB_MCP,333,288
THUMB_IP,361,282
THUMB_TIP,386,283
INDEX_FINGER_MCP,341,232
INDEX_FINGER_PIP,371,212
INDEX_FINGER_DIP,388,200
INDEX_FINGER_TIP,402,191
MIDDLE_FINGER_MCP,324,214
MIDDLE_FINGER_PIP,348,181
MIDDLE_FINGER_DIP,363,162
MIDDLE_FINGER_TIP,374,148
RING_FINGER_MCP,302,205
RING_FINGER_PIP,319,171
RING_FINGER_DIP,330,151
RING_FINGER_TIP,342,136
PINKY_MCP,276,204
PINKY_PIP,273,173
PINKY_DIP,273,154
PINKY_TIP,276,137
WRIST,252,272
THUMB_CMC,288,282
THUMB_MCP,325,286
THUMB_IP,356,288
THUMB_TIP,380,293
INDEX_FINGER_MCP,341,234
INDEX_FINGER_PIP,377,221
INDEX_FINGER_DIP,398,212
INDEX_FINGER_TIP,414,204
MIDDLE_FINGER_MCP,329,214
MIDDLE_FINGER_PIP,362,188
MIDDLE_FINGER_DIP,381,171
MIDDLE_FINGER_TIP,394,158
RING_FINGER_MCP,310,200
RING_FINGER_PIP,335,171
RING_FINGER_DIP,350,154
RING_FINGER_TIP,362,141
PINKY_MCP,287,192
PINKY_PIP,291,162
PINKY_DIP,294,143
PINKY_TIP,297,126
WRIST,246,256
THUMB_CMC,276,274
THUMB_MCP,311,288
THUMB_IP,340,298
THUMB_TIP,360,308
INDEX_FINGER_MCP,345,244
INDEX_FINGER_PIP,381,240
INDEX_FINGER_DIP,402,242
INDEX_FINGER_TIP,418,244
MIDDLE_FINGER_MCP,338,219
MIDDLE_FINGER_PIP,375,200
MIDDLE_FINGER_DIP,398,190
MIDDLE_FINGER_TIP,416,182
RING_FINGER_MCP,323,201
RING_FINGER_PIP,351,177
RING_FINGER_DIP,369,163
RING_FINGER_TIP,383,154
PINKY_MCP,301,187
PINKY_PIP,311,159
PINKY_DIP,317,138
PINKY_TIP,323,122
WRIST,246,255
THUMB_CMC,276,276
THUMB_MCP,312,288
THUMB_IP,341,295
THUMB_TIP,360,304
INDEX_FINGER_MCP,346,242
INDEX_FINGER_PIP,381,237
INDEX_FINGER_DIP,402,233
INDEX_FINGER_TIP,418,229
MIDDLE_FINGER_MCP,338,217
MIDDLE_FINGER_PIP,374,197
MIDDLE_FINGER_DIP,396,185
MIDDLE_FINGER_TIP,413,176
RING_FINGER_MCP,323,199
RING_FINGER_PIP,352,175
RING_FINGER_DIP,370,161
RING_FINGER_TIP,385,151
PINKY_MCP,299,186
PINKY_PIP,310,157
PINKY_DIP,317,137
PINKY_TIP,323,120
WRIST,232,232
THUMB_CMC,243,268
THUMB_MCP,263,303
THUMB_IP,277,331
THUMB_TIP,287,356
INDEX_FINGER_MCP,322,271
INDEX_FINGER_PIP,357,301
INDEX_FINGER_DIP,381,319
INDEX_FINGER_TIP,400,333
MIDDLE_FINGER_MCP,333,247
MIDDLE_FINGER_PIP,379,279
MIDDLE_FINGER_DIP,403,299
MIDDLE_FINGER_TIP,422,315
RING_FINGER_MCP,335,225
RING_FINGER_PIP,371,258
RING_FINGER_DIP,380,283
RING_FINGER_TIP,386,302
PINKY_MCP,330,208
PINKY_PIP,361,226
PINKY_DIP,373,241
PINKY_TIP,380,254
WRIST,236,242
THUMB_CMC,239,280
THUMB_MCP,247,317
THUMB_IP,252,348
THUMB_TIP,252,376
INDEX_FINGER_MCP,311,320
INDEX_FINGER_PIP,335,351
INDEX_FINGER_DIP,344,372
INDEX_FINGER_TIP,349,390
MIDDLE_FINGER_MCP,327,301
MIDDLE_FINGER_PIP,363,326
MIDDLE_FINGER_DIP,382,344
MIDDLE_FINGER_TIP,395,360
RING_FINGER_MCP,332,276
RING_FINGER_PIP,373,288
RING_FINGER_DIP,397,299
RING_FINGER_TIP,416,311
PINKY_MCP,327,246
PINKY_PIP,360,242
PINKY_DIP,383,239
PINKY_TIP,403,239
WRIST,243,240
THUMB_CMC,242,274
THUMB_MCP,247,311
THUMB_IP,250,345
THUMB_TIP,250,376
INDEX_FINGER_MCP,309,320
INDEX_FINGER_PIP,332,356
INDEX_FINGER_DIP,341,379
INDEX_FINGER_TIP,344,400
MIDDLE_FINGER_MCP,327,302
MIDDLE_FINGER_PIP,362,331
MIDDLE_FINGER_DIP,380,353
MIDDLE_FINGER_TIP,391,373
RING_FINGER_MCP,334,277
RING_FINGER_PIP,373,293
RING_FINGER_DIP,395,307
RING_FINGER_TIP,410,323
PINKY_MCP,331,248
PINKY_PIP,362,243
PINKY_DIP,383,239
PINKY_TIP,401,239
WRIST,250,244
THUMB_CMC,239,281
THUMB_MCP,238,321
THUMB_IP,235,354
THUMB_TIP,228,381
INDEX_FINGER_MCP,288,348
INDEX_FINGER_PIP,301,385
INDEX_FINGER_DIP,307,408
INDEX_FINGER_TIP,311,428
MIDDLE_FINGER_MCP,310,336
MIDDLE_FINGER_PIP,337,370
MIDDLE_FINGER_DIP,352,392
MIDDLE_FINGER_TIP,365,409
RING_FINGER_MCP,323,317
RING_FINGER_PIP,353,344
RING_FINGER_DIP,371,364
RING_FINGER_TIP,384,382
PINKY_MCP,330,292
PINKY_PIP,362,303
PINKY_DIP,383,311
PINKY_TIP,403,320
WRIST,266,238
THUMB_CMC,255,275
THUMB_MCP,254,314
THUMB_IP,250,348
THUMB_TIP,242,374
INDEX_FINGER_MCP,306,340
INDEX_FINGER_PIP,316,379
INDEX_FINGER_DIP,321,402
INDEX_FINGER_TIP,325,422
MIDDLE_FINGER_MCP,329,329
MIDDLE_FINGER_PIP,352,365
MIDDLE_FINGER_DIP,366,386
MIDDLE_FINGER_TIP,379,403
RING_FINGER_MCP,343,311
RING_FINGER_PIP,370,340
RING_FINGER_DIP,386,360
RING_FINGER_TIP,399,377
PINKY_MCP,351,286
PINKY_PIP,382,298
PINKY_DIP,403,306
PINKY_TIP,421,316
WRIST,285,232
THUMB_CMC,272,268
THUMB_MCP,268,308
THUMB_IP,264,342
THUMB_TIP,254,368
INDEX_FINGER_MCP,318,335
INDEX_FINGER_PIP,325,374
INDEX_FINGER_DIP,331,398
INDEX_FINGER_TIP,337,417
MIDDLE_FINGER_MCP,341,325
MIDDLE_FINGER_PIP,363,362
MIDDLE_FINGER_DIP,377,384
MIDDLE_FINGER_TIP,389,402
RING_FINGER_MCP,357,307
RING_FINGER_PIP,382,339
RING_FINGER_DIP,397,359
RING_FINGER_TIP,408,378
PINKY_MCP,367,284
PINKY_PIP,397,297
PINKY_DIP,416,306
PINKY_TIP,433,317
WRIST,288,232
THUMB_CMC,275,268
THUMB_MCP,270,307
THUMB_IP,263,340
THUMB_TIP,254,365
INDEX_FINGER_MCP,320,335
INDEX_FINGER_PIP,327,374
INDEX_FINGER_DIP,332,398
INDEX_FINGER_TIP,336,417
MIDDLE_FINGER_MCP,342,325
MIDDLE_FINGER_PIP,364,363
MIDDLE_FINGER_DIP,377,385
MIDDLE_FINGER_TIP,388,403
RING_FINGER_MCP,357,308
RING_FINGER_PIP,383,340
RING_FINGER_DIP,398,360
RING_FINGER_TIP,409,377
PINKY_MCP,367,285
PINKY_PIP,397,297
PINKY_DIP,418,306
PINKY_TIP,436,315
WRIST,318,229
THUMB_CMC,304,264
THUMB_MCP,298,301
THUMB_IP,290,333
THUMB_TIP,279,358
INDEX_FINGER_MCP,347,333
INDEX_FINGER_PIP,349,372
INDEX_FINGER_DIP,352,396
INDEX_FINGER_TIP,357,415
MIDDLE_FINGER_MCP,369,326
MIDDLE_FINGER_PIP,388,366
MIDDLE_FINGER_DIP,400,389
MIDDLE_FINGER_TIP,410,409
RING_FINGER_MCP,386,310
RING_FINGER_PIP,410,344
RING_FINGER_DIP,423,365
RING_FINGER_TIP,434,383
PINKY_MCP,397,288
PINKY_PIP,428,304
PINKY_DIP,448,315
PINKY_TIP,465,326
WRIST,339,231
THUMB_CMC,322,265
THUMB_MCP,312,302
THUMB_IP,302,333
THUMB_TIP,290,358
INDEX_FINGER_MCP,357,335
INDEX_FINGER_PIP,357,374
INDEX_FINGER_DIP,359,397
INDEX_FINGER_TIP,361,417
MIDDLE_FINGER_MCP,379,328
MIDDLE_FINGER_PIP,396,369
MIDDLE_FINGER_DIP,406,393
MIDDLE_FINGER_TIP,415,412
RING_FINGER_MCP,397,314
RING_FINGER_PIP,417,348
RING_FINGER_DIP,429,370
RING_FINGER_TIP,437,388
PINKY_MCP,410,292
PINKY_PIP,438,309
PINKY_DIP,456,320
PINKY_TIP,472,332
WRIST,341,233
THUMB_CMC,323,265
THUMB_MCP,313,302
THUMB_IP,302,333
THUMB_TIP,291,357
INDEX_FINGER_MCP,356,335
INDEX_FINGER_PIP,356,375
INDEX_FINGER_DIP,359,398
INDEX_FINGER_TIP,362,417
MIDDLE_FINGER_MCP,379,329
MIDDLE_FINGER_PIP,396,370
MIDDLE_FINGER_DIP,406,394
MIDDLE_FINGER_TIP,415,412
RING_FINGER_MCP,397,315
RING_FINGER_PIP,418,350
RING_FINGER_DIP,430,371
RING_FINGER_TIP,439,389
PINKY_MCP,410,293
PINKY_PIP,439,309
PINKY_DIP,458,320
PINKY_TIP,474,331
WRIST,352,234
THUMB_CMC,333,266
THUMB_MCP,322,301
THUMB_IP,310,332
THUMB_TIP,297,356
INDEX_FINGER_MCP,364,336
INDEX_FINGER_PIP,363,374
INDEX_FINGER_DIP,362,397
INDEX_FINGER_TIP,363,417
MIDDLE_FINGER_MCP,386,332
MIDDLE_FINGER_PIP,400,372
MIDDLE_FINGER_DIP,409,396
MIDDLE_FINGER_TIP,417,416
RING_FINGER_MCP,404,319
RING_FINGER_PIP,423,354
RING_FINGER_DIP,433,376
RING_FINGER_TIP,441,395
PINKY_MCP,418,298
PINKY_PIP,445,315
PINKY_DIP,463,327
PINKY_TIP,478,339
WRIST,373,238
THUMB_CMC,352,267
THUMB_MCP,337,303
THUMB_IP,324,333
THUMB_TIP,311,357
INDEX_FINGER_MCP,377,338
INDEX_FINGER_PIP,374,375
INDEX_FINGER_DIP,374,398
INDEX_FINGER_TIP,375,418
MIDDLE_FINGER_MCP,401,335
MIDDLE_FINGER_PIP,413,376
MIDDLE_FINGER_DIP,421,401
MIDDLE_FINGER_TIP,429,421
RING_FINGER_MCP,420,323
RING_FINGER_PIP,437,358
RING_FINGER_DIP,447,380
RING_FINGER_TIP,455,400
PINKY_MCP,436,303
PINKY_PIP,463,322
PINKY_DIP,480,335
PINKY_TIP,495,348
WRIST,381,239
THUMB_CMC,358,269
THUMB_MCP,343,304
THUMB_IP,331,334
THUMB_TIP,318,357
INDEX_FINGER_MCP,384,340
INDEX_FINGER_PIP,381,378
INDEX_FINGER_DIP,380,401
INDEX_FINGER_TIP,381,420
MIDDLE_FINGER_MCP,408,336
MIDDLE_FINGER_PIP,420,377
MIDDLE_FINGER_DIP,427,401
MIDDLE_FINGER_TIP,435,421
RING_FINGER_MCP,427,323
RING_FINGER_PIP,443,359
RING_FINGER_DIP,451,382
RING_FINGER_TIP,458,402
PINKY_MCP,443,304
PINKY_PIP,468,323
PINKY_DIP,484,336
PINKY_TIP,498,350
WRIST,381,239
THUMB_CMC,358,268
THUMB_MCP,343,304
THUMB_IP,331,334
THUMB_TIP,318,357
INDEX_FINGER_MCP,384,340
INDEX_FINGER_PIP,380,377
INDEX_FINGER_DIP,380,400
INDEX_FINGER_TIP,381,419
MIDDLE_FINGER_MCP,407,337
MIDDLE_FINGER_PIP,420,377
MIDDLE_FINGER_DIP,428,401
MIDDLE_FINGER_TIP,435,421
RING_FINGER_MCP,427,324
RING_FINGER_PIP,443,360
RING_FINGER_DIP,453,382
RING_FINGER_TIP,459,402
PINKY_MCP,443,304
PINKY_PIP,469,322
PINKY_DIP,486,335
PINKY_TIP,500,349
WRIST,387,240
THUMB_CMC,363,269
THUMB_MCP,347,304
THUMB_IP,335,334
THUMB_TIP,323,358
INDEX_FINGER_MCP,389,341
INDEX_FINGER_PIP,385,379
INDEX_FINGER_DIP,385,402
INDEX_FINGER_TIP,385,421
MIDDLE_FINGER_MCP,412,338
MIDDLE_FINGER_PIP,424,379
MIDDLE_FINGER_DIP,432,403
MIDDLE_FINGER_TIP,439,423
RING_FINGER_MCP,432,326
RING_FINGER_PIP,448,361
RING_FINGER_DIP,456,385
RING_FINGER_TIP,462,405
PINKY_MCP,449,306
PINKY_PIP,474,326
PINKY_DIP,490,339
PINKY_TIP,504,353
WRIST,394,243
THUMB_CMC,369,272
THUMB_MCP,354,308
THUMB_IP,341,338
THUMB_TIP,330,363
INDEX_FINGER_MCP,394,346
INDEX_FINGER_PIP,389,384
INDEX_FINGER_DIP,388,408
INDEX_FINGER_TIP,388,428
MIDDLE_FINGER_MCP,418,344
MIDDLE_FINGER_PIP,428,385
MIDDLE_FINGER_DIP,434,411
MIDDLE_FINGER_TIP,441,433
RING_FINGER_MCP,438,332
RING_FINGER_PIP,453,368
RING_FINGER_DIP,461,391
RING_FINGER_TIP,467,413
PINKY_MCP,455,313
PINKY_PIP,480,334
PINKY_DIP,496,348
PINKY_TIP,509,364
WRIST,399,251
THUMB_CMC,376,280
THUMB_MCP,361,315
THUMB_IP,349,346
THUMB_TIP,339,371
INDEX_FINGER_MCP,399,353
INDEX_FINGER_PIP,396,390
INDEX_FINGER_DIP,394,414
INDEX_FINGER_TIP,395,435
MIDDLE_FINGER_MCP,423,351
MIDDLE_FINGER_PIP,434,393
MIDDLE_FINGER_DIP,441,419
MIDDLE_FINGER_TIP,447,441
RING_FINGER_MCP,443,339
RING_FINGER_PIP,459,375
RING_FINGER_DIP,467,399
RING_FINGER_TIP,473,419
PINKY_MCP,460,320
PINKY_PIP,486,341
PINKY_DIP,502,355
PINKY_TIP,515,370
WRIST,399,251
THUMB_CMC,377,279
THUMB_MCP,361,314
THUMB_IP,350,345
THUMB_TIP,339,370
INDEX_FINGER_MCP,399,353
INDEX_FINGER_PIP,396,392
INDEX_FINGER_DIP,394,416
INDEX_FINGER_TIP,394,436
MIDDLE_FINGER_MCP,423,351
MIDDLE_FINGER_PIP,434,392
MIDDLE_FINGER_DIP,441,417
MIDDLE_FINGER_TIP,447,439
RING_FINGER_MCP,443,339
RING_FINGER_PIP,459,375
RING_FINGER_DIP,467,398
RING_FINGER_TIP,473,418
PINKY_MCP,460,320
PINKY_PIP,486,339
PINKY_DIP,503,353
PINKY_TIP,518,369
WRIST,405,262
THUMB_CMC,383,293
THUMB_MCP,369,328
THUMB_IP,359,358
THUMB_TIP,351,383
INDEX_FINGER_MCP,409,362
INDEX_FINGER_PIP,405,401
INDEX_FINGER_DIP,404,426
INDEX_FINGER_TIP,405,445
MIDDLE_FINGER_MCP,432,359
MIDDLE_FINGER_PIP,444,403
MIDDLE_FINGER_DIP,452,430
MIDDLE_FINGER_TIP,459,451
RING_FINGER_MCP,451,347
RING_FINGER_PIP,468,383
RING_FINGER_DIP,477,406
RING_FINGER_TIP,484,426
PINKY_MCP,466,328
PINKY_PIP,492,348
PINKY_DIP,508,362
PINKY_TIP,521,377
WRIST,420,274
THUMB_CMC,397,304
THUMB_MCP,381,338
THUMB_IP,369,368
THUMB_TIP,359,393
INDEX_FINGER_MCP,420,371
INDEX_FINGER_PIP,414,409
INDEX_FINGER_DIP,413,433
INDEX_FINGER_TIP,413,453
MIDDLE_FINGER_MCP,443,368
MIDDLE_FINGER_PIP,453,409
MIDDLE_FINGER_DIP,460,434
MIDDLE_FINGER_TIP,465,455
RING_FINGER_MCP,463,357
RING_FINGER_PIP,476,392
RING_FINGER_DIP,483,414
RING_FINGER_TIP,488,433
PINKY_MCP,480,339
PINKY_PIP,503,359
PINKY_DIP,517,373
PINKY_TIP,528,387
WRIST,427,272
THUMB_CMC,404,301
THUMB_MCP,388,334
THUMB_IP,375,363
THUMB_TIP,365,387
INDEX_FINGER_MCP,425,367
INDEX_FINGER_PIP,419,404
INDEX_FINGER_DIP,417,428
INDEX_FINGER_TIP,417,447
MIDDLE_FINGER_MCP,448,364
MIDDLE_FINGER_PIP,457,406
MIDDLE_FINGER_DIP,463,430
MIDDLE_FINGER_TIP,468,450
RING_FINGER_MCP,467,354
RING_FINGER_PIP,479,389
RING_FINGER_DIP,485,411
RING_FINGER_TIP,490,430
PINKY_MCP,484,336
PINKY_PIP,509,354
PINKY_DIP,523,367
PINKY_TIP,535,381
WRIST,425,273
THUMB_CMC,404,301
THUMB_MCP,388,333
THUMB_IP,375,363
THUMB_TIP,364,387
INDEX_FINGER_MCP,424,367
INDEX_FINGER_PIP,419,403
INDEX_FINGER_DIP,417,426
INDEX_FINGER_TIP,417,445
MIDDLE_FINGER_MCP,446,365
MIDDLE_FINGER_PIP,454,405
MIDDLE_FINGER_DIP,461,429
MIDDLE_FINGER_TIP,466,449
RING_FINGER_MCP,465,355
RING_FINGER_PIP,478,388
RING_FINGER_DIP,486,411
RING_FINGER_TIP,491,430
PINKY_MCP,482,337
PINKY_PIP,505,354
PINKY_DIP,520,367
PINKY_TIP,531,380
WRIST,425,273
THUMB_CMC,403,301
THUMB_MCP,388,334
THUMB_IP,375,364
THUMB_TIP,365,388
INDEX_FINGER_MCP,424,367
INDEX_FINGER_PIP,419,403
INDEX_FINGER_DIP,418,426
INDEX_FINGER_TIP,417,445
MIDDLE_FINGER_MCP,446,365
MIDDLE_FINGER_PIP,455,405
MIDDLE_FINGER_DIP,461,429
MIDDLE_FINGER_TIP,467,449
RING_FINGER_MCP,465,354
RING_FINGER_PIP,478,389
RING_FINGER_DIP,486,411
RING_FINGER_TIP,491,430
PINKY_MCP,482,337
PINKY_PIP,505,354
PINKY_DIP,520,367
PINKY_TIP,532,380
WRIST,425,273
THUMB_CMC,403,302
THUMB_MCP,388,335
THUMB_IP,376,366
THUMB_TIP,365,390
INDEX_FINGER_MCP,424,368
INDEX_FINGER_PIP,420,404
INDEX_FINGER_DIP,419,427
INDEX_FINGER_TIP,419,445
MIDDLE_FINGER_MCP,447,366
MIDDLE_FINGER_PIP,456,405
MIDDLE_FINGER_DIP,462,428
MIDDLE_FINGER_TIP,468,448
RING_FINGER_MCP,466,355
RING_FINGER_PIP,479,389
RING_FINGER_DIP,486,411
RING_FINGER_TIP,491,430
PINKY_MCP,483,336
PINKY_PIP,506,354
PINKY_DIP,521,367
PINKY_TIP,533,380
WRIST,426,275
THUMB_CMC,404,303
THUMB_MCP,390,336
THUMB_IP,378,366
THUMB_TIP,368,390
INDEX_FINGER_MCP,426,369
INDEX_FINGER_PIP,421,405
INDEX_FINGER_DIP,420,428
INDEX_FINGER_TIP,421,447
MIDDLE_FINGER_MCP,448,366
MIDDLE_FINGER_PIP,457,406
MIDDLE_FINGER_DIP,464,429
MIDDLE_FINGER_TIP,470,448
RING_FINGER_MCP,467,355
RING_FINGER_PIP,480,389
RING_FINGER_DIP,488,411
RING_FINGER_TIP,493,429
PINKY_MCP,483,337
PINKY_PIP,506,354
PINKY_DIP,521,365
PINKY_TIP,534,378
WRIST,426,276
THUMB_CMC,405,305
THUMB_MCP,390,337
THUMB_IP,378,367
THUMB_TIP,367,390
INDEX_FINGER_MCP,426,369
INDEX_FINGER_PIP,421,406
INDEX_FINGER_DIP,421,428
INDEX_FINGER_TIP,422,447
MIDDLE_FINGER_MCP,448,367
MIDDLE_FINGER_PIP,458,405
MIDDLE_FINGER_DIP,465,428
MIDDLE_FINGER_TIP,471,448
RING_FINGER_MCP,467,355
RING_FINGER_PIP,480,388
RING_FINGER_DIP,488,409
RING_FINGER_TIP,493,428
PINKY_MCP,483,337
PINKY_PIP,506,354
PINKY_DIP,520,366
PINKY_TIP,533,379
WRIST,427,276
THUMB_CMC,405,305
THUMB_MCP,390,337
THUMB_IP,378,367
THUMB_TIP,368,390
INDEX_FINGER_MCP,426,369
INDEX_FINGER_PIP,422,405
INDEX_FINGER_DIP,421,428
INDEX_FINGER_TIP,422,446
MIDDLE_FINGER_MCP,449,366
MIDDLE_FINGER_PIP,458,405
MIDDLE_FINGER_DIP,465,428
MIDDLE_FINGER_TIP,471,448
RING_FINGER_MCP,467,355
RING_FINGER_PIP,480,388
RING_FINGER_DIP,488,409
RING_FINGER_TIP,493,427
PINKY_MCP,483,337
PINKY_PIP,506,354
PINKY_DIP,521,366
PINKY_TIP,534,378
WRIST,424,276
THUMB_CMC,403,305
THUMB_MCP,388,337
THUMB_IP,377,367
THUMB_TIP,367,390
INDEX_FINGER_MCP,425,368
INDEX_FINGER_PIP,421,405
INDEX_FINGER_DIP,420,428
INDEX_FINGER_TIP,421,448
MIDDLE_FINGER_MCP,447,366
MIDDLE_FINGER_PIP,457,404
MIDDLE_FINGER_DIP,464,428
MIDDLE_FINGER_TIP,471,447
RING_FINGER_MCP,466,355
RING_FINGER_PIP,480,388
RING_FINGER_DIP,488,409
RING_FINGER_TIP,493,427
PINKY_MCP,482,337
PINKY_PIP,505,354
PINKY_DIP,520,366
PINKY_TIP,532,378
WRIST,422,276
THUMB_CMC,401,305
THUMB_MCP,387,337
THUMB_IP,376,367
THUMB_TIP,367,391
INDEX_FINGER_MCP,425,369
INDEX_FINGER_PIP,421,406
INDEX_FINGER_DIP,421,429
INDEX_FINGER_TIP,422,448
MIDDLE_FINGER_MCP,447,366
MIDDLE_FINGER_PIP,458,404
MIDDLE_FINGER_DIP,465,428
MIDDLE_FINGER_TIP,472,447
RING_FINGER_MCP,465,354
RING_FINGER_PIP,480,387
RING_FINGER_DIP,488,409
RING_FINGER_TIP,494,428
PINKY_MCP,480,336
PINKY_PIP,504,352
PINKY_DIP,519,364
PINKY_TIP,531,377
WRIST,423,276
THUMB_CMC,401,305
THUMB_MCP,387,337
THUMB_IP,376,367
THUMB_TIP,367,390
INDEX_FINGER_MCP,424,369
INDEX_FINGER_PIP,420,406
INDEX_FINGER_DIP,421,429
INDEX_FINGER_TIP,422,448
MIDDLE_FINGER_MCP,447,365
MIDDLE_FINGER_PIP,458,404
MIDDLE_FINGER_DIP,465,428
MIDDLE_FINGER_TIP,472,447
RING_FINGER_MCP,465,354
RING_FINGER_PIP,480,387
RING_FINGER_DIP,488,409
RING_FINGER_TIP,494,428
PINKY_MCP,480,336
PINKY_PIP,504,352
PINKY_DIP,518,364
PINKY_TIP,531,376
WRIST,420,275
THUMB_CMC,400,303
THUMB_MCP,386,336
THUMB_IP,375,366
THUMB_TIP,367,389
INDEX_FINGER_MCP,424,367
INDEX_FINGER_PIP,420,404
INDEX_FINGER_DIP,420,427
INDEX_FINGER_TIP,422,446
MIDDLE_FINGER_MCP,445,364
MIDDLE_FINGER_PIP,457,404
MIDDLE_FINGER_DIP,465,428
MIDDLE_FINGER_TIP,472,448
RING_FINGER_MCP,464,353
RING_FINGER_PIP,478,387
RING_FINGER_DIP,486,409
RING_FINGER_TIP,492,428
PINKY_MCP,479,335
PINKY_PIP,502,352
PINKY_DIP,516,365
PINKY_TIP,528,378
WRIST,418,271
THUMB_CMC,403,300
THUMB_MCP,395,332
THUMB_IP,391,361
THUMB_TIP,390,386
INDEX_FINGER_MCP,418,368
INDEX_FINGER_PIP,417,400
INDEX_FINGER_DIP,417,420
INDEX_FINGER_TIP,418,438
MIDDLE_FINGER_MCP,437,363
MIDDLE_FINGER_PIP,448,390
MIDDLE_FINGER_DIP,439,378
MIDDLE_FINGER_TIP,432,364
RING_FINGER_MCP,455,352
RING_FINGER_PIP,466,375
RING_FINGER_DIP,452,363
RING_FINGER_TIP,443,349
PINKY_MCP,472,336
PINKY_PIP,481,356
PINKY_DIP,468,348
PINKY_TIP,458,337
WRIST,417,268
THUMB_CMC,402,296
THUMB_MCP,395,326
THUMB_IP,393,354
THUMB_TIP,393,377
INDEX_FINGER_MCP,418,360
INDEX_FINGER_PIP,418,394
INDEX_FINGER_DIP,419,416
INDEX_FINGER_TIP,421,433
MIDDLE_FINGER_MCP,437,353
MIDDLE_FINGER_PIP,451,384
MIDDLE_FINGER_DIP,440,374
MIDDLE_FINGER_TIP,429,358
RING_FINGER_MCP,453,340
RING_FINGER_PIP,468,366
RING_FINGER_DIP,454,358
RING_FINGER_TIP,442,345
PINKY_MCP,468,321
PINKY_PIP,480,341
PINKY_DIP,467,339
PINKY_TIP,454,332
WRIST,418,270
THUMB_CMC,402,297
THUMB_MCP,395,328
THUMB_IP,393,355
THUMB_TIP,393,378
INDEX_FINGER_MCP,419,360
INDEX_FINGER_PIP,418,394
INDEX_FINGER_DIP,419,416
INDEX_FINGER_TIP,421,433
MIDDLE_FINGER_MCP,437,353
MIDDLE_FINGER_PIP,451,384
MIDDLE_FINGER_DIP,440,373
MIDDLE_FINGER_TIP,430,358
RING_FINGER_MCP,454,340
RING_FINGER_PIP,467,366
RING_FINGER_DIP,453,357
RING_FINGER_TIP,443,345
PINKY_MCP,469,321
PINKY_PIP,480,341
PINKY_DIP,468,339
PINKY_TIP,456,332
WRIST,418,267
THUMB_CMC,403,290
THUMB_MCP,396,320
THUMB_IP,393,346
THUMB_TIP,394,369
INDEX_FINGER_MCP,420,357
INDEX_FINGER_PIP,420,393
INDEX_FINGER_DIP,420,415
INDEX_FINGER_TIP,423,433
MIDDLE_FINGER_MCP,440,349
MIDDLE_FINGER_PIP,454,381
MIDDLE_FINGER_DIP,442,368
MIDDLE_FINGER_TIP,432,352
RING_FINGER_MCP,456,335
RING_FINGER_PIP,470,361
RING_FINGER_DIP,455,351
RING_FINGER_TIP,444,338
PINKY_MCP,470,315
PINKY_PIP,481,336
PINKY_DIP,467,332
PINKY_TIP,455,323
WRIST,417,264
THUMB_CMC,402,288
THUMB_MCP,396,317
THUMB_IP,393,343
THUMB_TIP,391,367
INDEX_FINGER_MCP,422,356
INDEX_FINGER_PIP,421,392
INDEX_FINGER_DIP,421,414
INDEX_FINGER_TIP,423,432
MIDDLE_FINGER_MCP,441,348
MIDDLE_FINGER_PIP,458,380
MIDDLE_FINGER_DIP,447,371
MIDDLE_FINGER_TIP,438,358
RING_FINGER_MCP,458,333
RING_FINGER_PIP,473,360
RING_FINGER_DIP,459,352
RING_FINGER_TIP,448,340
PINKY_MCP,471,312
PINKY_PIP,485,333
PINKY_DIP,473,331
PINKY_TIP,460,324
WRIST,418,263
THUMB_CMC,403,289
THUMB_MCP,395,318
THUMB_IP,389,345
THUMB_TIP,385,369
INDEX_FINGER_MCP,423,354
INDEX_FINGER_PIP,422,391
INDEX_FINGER_DIP,423,414
INDEX_FINGER_TIP,425,432
MIDDLE_FINGER_MCP,442,347
MIDDLE_FINGER_PIP,458,379
MIDDLE_FINGER_DIP,450,374
MIDDLE_FINGER_TIP,440,362
RING_FINGER_MCP,458,334
RING_FINGER_PIP,474,361
RING_FINGER_DIP,463,357
RING_FINGER_TIP,450,346
PINKY_MCP,472,314
PINKY_PIP,490,334
PINKY_DIP,480,336
PINKY_TIP,468,330
WRIST,418,262
THUMB_CMC,403,289
THUMB_MCP,395,318
THUMB_IP,389,345
THUMB_TIP,385,369
INDEX_FINGER_MCP,422,354
INDEX_FINGER_PIP,422,391
INDEX_FINGER_DIP,423,413
INDEX_FINGER_TIP,425,432
MIDDLE_FINGER_MCP,441,347
MIDDLE_FINGER_PIP,457,379
MIDDLE_FINGER_DIP,450,374
MIDDLE_FINGER_TIP,440,361
RING_FINGER_MCP,458,333
RING_FINGER_PIP,474,361
RING_FINGER_DIP,463,357
RING_FINGER_TIP,450,345
PINKY_MCP,472,314
PINKY_PIP,490,334
PINKY_DIP,480,335
PINKY_TIP,467,330
WRIST,418,263
THUMB_CMC,403,289
THUMB_MCP,394,319
THUMB_IP,388,346
THUMB_TIP,382,370
INDEX_FINGER_MCP,421,355
INDEX_FINGER_PIP,421,392
INDEX_FINGER_DIP,423,415
INDEX_FINGER_TIP,424,432
MIDDLE_FINGER_MCP,441,349
MIDDLE_FINGER_PIP,458,380
MIDDLE_FINGER_DIP,452,375
MIDDLE_FINGER_TIP,441,364
RING_FINGER_MCP,457,335
RING_FINGER_PIP,474,362
RING_FINGER_DIP,464,358
RING_FINGER_TIP,451,348
PINKY_MCP,472,316
PINKY_PIP,490,335
PINKY_DIP,481,337
PINKY_TIP,468,333
WRIST,416,264
THUMB_CMC,401,291
THUMB_MCP,393,320
THUMB_IP,386,348
THUMB_TIP,380,371
INDEX_FINGER_MCP,420,357
INDEX_FINGER_PIP,420,394
INDEX_FINGER_DIP,422,416
INDEX_FINGER_TIP,424,434
MIDDLE_FINGER_MCP,439,350
MIDDLE_FINGER_PIP,456,381
MIDDLE_FINGER_DIP,449,375
MIDDLE_FINGER_TIP,439,363
RING_FINGER_MCP,456,336
RING_FINGER_PIP,473,363
RING_FINGER_DIP,462,359
RING_FINGER_TIP,449,348
PINKY_MCP,470,317
PINKY_PIP,489,336
PINKY_DIP,481,338
PINKY_TIP,467,334
WRIST,415,264
THUMB_CMC,400,291
THUMB_MCP,392,321
THUMB_IP,386,348
THUMB_TIP,382,372
INDEX_FINGER_MCP,421,359
INDEX_FINGER_PIP,421,394
INDEX_FINGER_DIP,423,417
INDEX_FINGER_TIP,425,434
MIDDLE_FINGER_MCP,440,352
MIDDLE_FINGER_PIP,459,382
MIDDLE_FINGER_DIP,455,381
MIDDLE_FINGER_TIP,444,371
RING_FINGER_MCP,457,337
RING_FINGER_PIP,476,363
RING_FINGER_DIP,467,363
RING_FINGER_TIP,452,352
PINKY_MCP,471,317
PINKY_PIP,489,335
PINKY_DIP,482,339
PINKY_TIP,468,335
WRIST,415,265
THUMB_CMC,400,291
THUMB_MCP,392,321
THUMB_IP,386,348
THUMB_TIP,381,372
INDEX_FINGER_MCP,421,360
INDEX_FINGER_PIP,421,396
INDEX_FINGER_DIP,423,418
INDEX_FINGER_TIP,425,435
MIDDLE_FINGER_MCP,441,352
MIDDLE_FINGER_PIP,459,383
MIDDLE_FINGER_DIP,455,381
MIDDLE_FINGER_TIP,444,371
RING_FINGER_MCP,457,337
RING_FINGER_PIP,476,363
RING_FINGER_DIP,468,363
RING_FINGER_TIP,454,354
PINKY_MCP,471,317
PINKY_PIP,489,336
PINKY_DIP,483,340
PINKY_TIP,470,336
WRIST,415,265
THUMB_CMC,400,292
THUMB_MCP,392,322
THUMB_IP,386,349
THUMB_TIP,381,373
INDEX_FINGER_MCP,422,360
INDEX_FINGER_PIP,422,396
INDEX_FINGER_DIP,424,419
INDEX_FINGER_TIP,425,436
MIDDLE_FINGER_MCP,441,352
MIDDLE_FINGER_PIP,460,383
MIDDLE_FINGER_DIP,455,381
MIDDLE_FINGER_TIP,444,370
RING_FINGER_MCP,458,337
RING_FINGER_PIP,476,363
RING_FINGER_DIP,469,363
RING_FINGER_TIP,454,353
PINKY_MCP,471,317
PINKY_PIP,489,336
PINKY_DIP,483,340
PINKY_TIP,470,336
WRIST,414,264
THUMB_CMC,399,291
THUMB_MCP,392,321
THUMB_IP,386,349
THUMB_TIP,382,373
INDEX_FINGER_MCP,421,358
INDEX_FINGER_PIP,420,395
INDEX_FINGER_DIP,422,418
INDEX_FINGER_TIP,425,436
MIDDLE_FINGER_MCP,441,351
MIDDLE_FINGER_PIP,458,382
MIDDLE_FINGER_DIP,451,376
MIDDLE_FINGER_TIP,439,363
RING_FINGER_MCP,457,337
RING_FINGER_PIP,475,364
RING_FINGER_DIP,465,362
RING_FINGER_TIP,451,352
PINKY_MCP,471,317
PINKY_PIP,489,336
PINKY_DIP,482,340
PINKY_TIP,470,336
WRIST,414,264
THUMB_CMC,400,292
THUMB_MCP,393,322
THUMB_IP,387,349
THUMB_TIP,383,373
INDEX_FINGER_MCP,422,358
INDEX_FINGER_PIP,422,395
INDEX_FINGER_DIP,424,418
INDEX_FINGER_TIP,426,437
MIDDLE_FINGER_MCP,442,351
MIDDLE_FINGER_PIP,459,382
MIDDLE_FINGER_DIP,454,377
MIDDLE_FINGER_TIP,444,365
RING_FINGER_MCP,458,337
RING_FINGER_PIP,476,363
RING_FINGER_DIP,467,362
RING_FINGER_TIP,453,352
PINKY_MCP,472,317
PINKY_PIP,490,336
PINKY_DIP,483,340
PINKY_TIP,470,337
WRIST,413,264
THUMB_CMC,400,291
THUMB_MCP,393,322
THUMB_IP,387,350
THUMB_TIP,382,374
INDEX_FINGER_MCP,422,357
INDEX_FINGER_PIP,423,395
INDEX_FINGER_DIP,425,418
INDEX_FINGER_TIP,428,436
MIDDLE_FINGER_MCP,442,350
MIDDLE_FINGER_PIP,459,382
MIDDLE_FINGER_DIP,453,376
MIDDLE_FINGER_TIP,442,363
RING_FINGER_MCP,458,336
RING_FINGER_PIP,477,363
RING_FINGER_DIP,468,361
RING_FINGER_TIP,454,352
PINKY_MCP,471,316
PINKY_PIP,491,334
PINKY_DIP,485,339
PINKY_TIP,471,336
WRIST,413,263
THUMB_CMC,400,291
THUMB_MCP,393,322
THUMB_IP,387,350
THUMB_TIP,382,375
INDEX_FINGER_MCP,422,357
INDEX_FINGER_PIP,423,395
INDEX_FINGER_DIP,425,418
INDEX_FINGER_TIP,428,436
MIDDLE_FINGER_MCP,442,350
MIDDLE_FINGER_PIP,459,382
MIDDLE_FINGER_DIP,453,376
MIDDLE_FINGER_TIP,441,362
RING_FINGER_MCP,458,336
RING_FINGER_PIP,477,363
RING_FINGER_DIP,468,361
RING_FINGER_TIP,454,351
PINKY_MCP,471,316
PINKY_PIP,492,334
PINKY_DIP,485,339
PINKY_TIP,471,336
WRIST,415,264
THUMB_CMC,400,291
THUMB_MCP,393,321
THUMB_IP,388,349
THUMB_TIP,384,374
INDEX_FINGER_MCP,423,358
INDEX_FINGER_PIP,425,396
INDEX_FINGER_DIP,427,419
INDEX_FINGER_TIP,430,438
MIDDLE_FINGER_MCP,443,350
MIDDLE_FINGER_PIP,461,381
MIDDLE_FINGER_DIP,454,374
MIDDLE_FINGER_TIP,443,362
RING_FINGER_MCP,459,335
RING_FINGER_PIP,478,362
RING_FINGER_DIP,469,360
RING_FINGER_TIP,455,350
PINKY_MCP,473,315
PINKY_PIP,491,333
PINKY_DIP,484,337
PINKY_TIP,471,333
WRIST,414,263
THUMB_CMC,400,291
THUMB_MCP,394,322
THUMB_IP,390,350
THUMB_TIP,387,375
INDEX_FINGER_MCP,424,357
INDEX_FINGER_PIP,427,396
INDEX_FINGER_DIP,430,421
INDEX_FINGER_TIP,433,440
MIDDLE_FINGER_MCP,443,350
MIDDLE_FINGER_PIP,460,381
MIDDLE_FINGER_DIP,452,374
MIDDLE_FINGER_TIP,441,361
RING_FINGER_MCP,459,336
RING_FINGER_PIP,478,362
RING_FINGER_DIP,468,359
RING_FINGER_TIP,455,349
PINKY_MCP,473,315
PINKY_PIP,492,334
PINKY_DIP,484,337
PINKY_TIP,470,333
WRIST,411,264
THUMB_CMC,399,291
THUMB_MCP,399,323
THUMB_IP,403,350
THUMB_TIP,402,375
INDEX_FINGER_MCP,421,360
INDEX_FINGER_PIP,427,398
INDEX_FINGER_DIP,431,422
INDEX_FINGER_TIP,435,442
MIDDLE_FINGER_MCP,441,351
MIDDLE_FINGER_PIP,451,378
MIDDLE_FINGER_DIP,436,358
MIDDLE_FINGER_TIP,426,339
RING_FINGER_MCP,457,337
RING_FINGER_PIP,469,362
RING_FINGER_DIP,449,343
RING_FINGER_TIP,437,326
PINKY_MCP,472,317
PINKY_PIP,483,339
PINKY_DIP,466,330
PINKY_TIP,454,317
WRIST,412,264
THUMB_CMC,400,290
THUMB_MCP,399,322
THUMB_IP,403,350
THUMB_TIP,402,375
INDEX_FINGER_MCP,422,360
INDEX_FINGER_PIP,427,398
INDEX_FINGER_DIP,430,422
INDEX_FINGER_TIP,434,442
MIDDLE_FINGER_MCP,441,351
MIDDLE_FINGER_PIP,452,377
MIDDLE_FINGER_DIP,436,358
MIDDLE_FINGER_TIP,426,339
RING_FINGER_MCP,458,336
RING_FINGER_PIP,469,361
RING_FINGER_DIP,449,343
RING_FINGER_TIP,437,325
PINKY_MCP,473,317
PINKY_PIP,483,338
PINKY_DIP,466,330
PINKY_TIP,454,317
WRIST,419,275
THUMB_CMC,403,291
THUMB_MCP,398,324
THUMB_IP,413,347
THUMB_TIP,431,361
INDEX_FINGER_MCP,419,357
INDEX_FINGER_PIP,422,393
INDEX_FINGER_DIP,425,419
INDEX_FINGER_TIP,428,439
MIDDLE_FINGER_MCP,437,347
MIDDLE_FINGER_PIP,441,371
MIDDLE_FINGER_DIP,426,347
MIDDLE_FINGER_TIP,416,326
RING_FINGER_MCP,452,334
RING_FINGER_PIP,452,350
RING_FINGER_DIP,433,325
RING_FINGER_TIP,424,307
PINKY_MCP,466,315
PINKY_PIP,465,331
PINKY_DIP,449,315
PINKY_TIP,441,302
WRIST,412,265
THUMB_CMC,398,292
THUMB_MCP,397,324
THUMB_IP,413,347
THUMB_TIP,431,364
INDEX_FINGER_MCP,417,359
INDEX_FINGER_PIP,420,398
INDEX_FINGER_DIP,423,424
INDEX_FINGER_TIP,427,446
MIDDLE_FINGER_MCP,435,348
MIDDLE_FINGER_PIP,442,373
MIDDLE_FINGER_DIP,427,348
MIDDLE_FINGER_TIP,417,328
RING_FINGER_MCP,451,334
RING_FINGER_PIP,451,350
RING_FINGER_DIP,433,324
RING_FINGER_TIP,423,306
PINKY_MCP,466,315
PINKY_PIP,462,330
PINKY_DIP,446,314
PINKY_TIP,438,301
WRIST,413,267
THUMB_CMC,399,294
THUMB_MCP,397,326
THUMB_IP,415,348
THUMB_TIP,435,363
INDEX_FINGER_MCP,420,361
INDEX_FINGER_PIP,422,399
INDEX_FINGER_DIP,425,425
INDEX_FINGER_TIP,428,445
MIDDLE_FINGER_MCP,438,350
MIDDLE_FINGER_PIP,442,371
MIDDLE_FINGER_DIP,427,347
MIDDLE_FINGER_TIP,417,326
RING_FINGER_MCP,453,334
RING_FINGER_PIP,452,349
RING_FINGER_DIP,434,326
RING_FINGER_TIP,425,308
PINKY_MCP,466,315
PINKY_PIP,463,328
PINKY_DIP,447,314
PINKY_TIP,440,302
WRIST,423,279
THUMB_CMC,404,291
THUMB_MCP,397,325
THUMB_IP,414,346
THUMB_TIP,436,355
INDEX_FINGER_MCP,419,354
INDEX_FINGER_PIP,423,386
INDEX_FINGER_DIP,427,410
INDEX_FINGER_TIP,429,427
MIDDLE_FINGER_MCP,438,346
MIDDLE_FINGER_PIP,444,371
MIDDLE_FINGER_DIP,432,358
MIDDLE_FINGER_TIP,423,343
RING_FINGER_MCP,454,332
RING_FINGER_PIP,453,349
RING_FINGER_DIP,435,326
RING_FINGER_TIP,426,308
PINKY_MCP,468,314
PINKY_PIP,466,330
PINKY_DIP,450,315
PINKY_TIP,443,301
WRIST,413,267
THUMB_CMC,398,293
THUMB_MCP,396,326
THUMB_IP,414,348
THUMB_TIP,436,362
INDEX_FINGER_MCP,420,361
INDEX_FINGER_PIP,422,399
INDEX_FINGER_DIP,424,425
INDEX_FINGER_TIP,428,445
MIDDLE_FINGER_MCP,438,350
MIDDLE_FINGER_PIP,441,371
MIDDLE_FINGER_DIP,427,346
MIDDLE_FINGER_TIP,417,326
RING_FINGER_MCP,453,334
RING_FINGER_PIP,452,349
RING_FINGER_DIP,433,324
RING_FINGER_TIP,424,307
PINKY_MCP,467,315
PINKY_PIP,463,329
PINKY_DIP,447,314
PINKY_TIP,440,301
WRIST,415,268
THUMB_CMC,400,293
THUMB_MCP,396,326
THUMB_IP,416,347
THUMB_TIP,439,357
INDEX_FINGER_MCP,420,362
INDEX_FINGER_PIP,424,401
INDEX_FINGER_DIP,426,426
INDEX_FINGER_TIP,429,447
MIDDLE_FINGER_MCP,438,350
MIDDLE_FINGER_PIP,442,371
MIDDLE_FINGER_DIP,429,348
MIDDLE_FINGER_TIP,419,329
RING_FINGER_MCP,453,334
RING_FINGER_PIP,452,347
RING_FINGER_DIP,434,324
RING_FINGER_TIP,424,307
PINKY_MCP,466,315
PINKY_PIP,463,329
PINKY_DIP,447,314
PINKY_TIP,440,301
WRIST,424,280
THUMB_CMC,405,292
THUMB_MCP,398,326
THUMB_IP,415,345
THUMB_TIP,436,352
INDEX_FINGER_MCP,423,354
INDEX_FINGER_PIP,426,385
INDEX_FINGER_DIP,428,408
INDEX_FINGER_TIP,429,425
MIDDLE_FINGER_MCP,441,345
MIDDLE_FINGER_PIP,445,371
MIDDLE_FINGER_DIP,432,361
MIDDLE_FINGER_TIP,422,349
RING_FINGER_MCP,456,332
RING_FINGER_PIP,453,348
RING_FINGER_DIP,434,325
RING_FINGER_TIP,424,307
PINKY_MCP,470,313
PINKY_PIP,467,330
PINKY_DIP,451,316
PINKY_TIP,443,303
WRIST,414,267
THUMB_CMC,400,292
THUMB_MCP,397,326
THUMB_IP,416,347
THUMB_TIP,438,357
INDEX_FINGER_MCP,419,361
INDEX_FINGER_PIP,423,401
INDEX_FINGER_DIP,425,425
INDEX_FINGER_TIP,429,446
MIDDLE_FINGER_MCP,438,350
MIDDLE_FINGER_PIP,442,372
MIDDLE_FINGER_DIP,429,348
MIDDLE_FINGER_TIP,420,329
RING_FINGER_MCP,453,334
RING_FINGER_PIP,452,347
RING_FINGER_DIP,433,324
RING_FINGER_TIP,423,307
PINKY_MCP,467,315
PINKY_PIP,464,329
PINKY_DIP,447,314
PINKY_TIP,439,302
WRIST,417,269
THUMB_CMC,403,295
THUMB_MCP,400,328
THUMB_IP,421,347
THUMB_TIP,443,356
INDEX_FINGER_MCP,422,364
INDEX_FINGER_PIP,426,403
INDEX_FINGER_DIP,428,428
INDEX_FINGER_TIP,432,449
MIDDLE_FINGER_MCP,441,352
MIDDLE_FINGER_PIP,447,375
MIDDLE_FINGER_DIP,433,352
MIDDLE_FINGER_TIP,423,333
RING_FINGER_MCP,456,336
RING_FINGER_PIP,455,348
RING_FINGER_DIP,437,325
RING_FINGER_TIP,428,310
PINKY_MCP,468,317
PINKY_PIP,466,329
PINKY_DIP,451,315
PINKY_TIP,443,304
WRIST,422,278
THUMB_CMC,406,293
THUMB_MCP,400,327
THUMB_IP,418,348
THUMB_TIP,442,354
INDEX_FINGER_MCP,422,358
INDEX_FINGER_PIP,427,393
INDEX_FINGER_DIP,429,419
INDEX_FINGER_TIP,432,439
MIDDLE_FINGER_MCP,442,348
MIDDLE_FINGER_PIP,448,374
MIDDLE_FINGER_DIP,434,355
MIDDLE_FINGER_TIP,424,338
RING_FINGER_MCP,457,334
RING_FINGER_PIP,456,347
RING_FINGER_DIP,436,324
RING_FINGER_TIP,427,309
PINKY_MCP,471,316
PINKY_PIP,469,330
PINKY_DIP,452,315
PINKY_TIP,446,303
WRIST,416,269
THUMB_CMC,403,295
THUMB_MCP,400,328
THUMB_IP,419,349
THUMB_TIP,442,357
INDEX_FINGER_MCP,422,364
INDEX_FINGER_PIP,426,403
INDEX_FINGER_DIP,428,428
INDEX_FINGER_TIP,432,449
MIDDLE_FINGER_MCP,441,352
MIDDLE_FINGER_PIP,446,374
MIDDLE_FINGER_DIP,432,351
MIDDLE_FINGER_TIP,423,333
RING_FINGER_MCP,456,337
RING_FINGER_PIP,455,348
RING_FINGER_DIP,437,325
RING_FINGER_TIP,427,309
PINKY_MCP,469,318
PINKY_PIP,467,330
PINKY_DIP,451,316
PINKY_TIP,444,304
WRIST,417,269
THUMB_CMC,403,295
THUMB_MCP,399,328
THUMB_IP,416,349
THUMB_TIP,440,356
INDEX_FINGER_MCP,422,363
INDEX_FINGER_PIP,425,402
INDEX_FINGER_DIP,428,427
INDEX_FINGER_TIP,431,447
MIDDLE_FINGER_MCP,441,353
MIDDLE_FINGER_PIP,447,375
MIDDLE_FINGER_DIP,433,354
MIDDLE_FINGER_TIP,424,335
RING_FINGER_MCP,456,337
RING_FINGER_PIP,454,348
RING_FINGER_DIP,436,326
RING_FINGER_TIP,426,309
PINKY_MCP,469,319
PINKY_PIP,464,330
PINKY_DIP,448,315
PINKY_TIP,441,304
WRIST,424,281
THUMB_CMC,407,294
THUMB_MCP,399,327
THUMB_IP,416,348
THUMB_TIP,439,353
INDEX_FINGER_MCP,424,360
INDEX_FINGER_PIP,427,396
INDEX_FINGER_DIP,429,423
INDEX_FINGER_TIP,431,443
MIDDLE_FINGER_MCP,443,351
MIDDLE_FINGER_PIP,449,374
MIDDLE_FINGER_DIP,435,356
MIDDLE_FINGER_TIP,425,339
RING_FINGER_MCP,458,336
RING_FINGER_PIP,455,348
RING_FINGER_DIP,436,325
RING_FINGER_TIP,426,308
PINKY_MCP,471,317
PINKY_PIP,468,331
PINKY_DIP,452,316
PINKY_TIP,445,305
WRIST,417,269
THUMB_CMC,403,295
THUMB_MCP,399,328
THUMB_IP,416,348
THUMB_TIP,439,356
INDEX_FINGER_MCP,422,364
INDEX_FINGER_PIP,425,403
INDEX_FINGER_DIP,428,427
INDEX_FINGER_TIP,431,448
MIDDLE_FINGER_MCP,441,352
MIDDLE_FINGER_PIP,447,375
MIDDLE_FINGER_DIP,434,354
MIDDLE_FINGER_TIP,424,335
RING_FINGER_MCP,456,337
RING_FINGER_PIP,455,348
RING_FINGER_DIP,436,326
RING_FINGER_TIP,426,310
PINKY_MCP,469,318
PINKY_PIP,465,329
PINKY_DIP,449,315
PINKY_TIP,441,304
WRIST,418,270
THUMB_CMC,404,295
THUMB_MCP,399,328
THUMB_IP,416,349
THUMB_TIP,439,356
INDEX_FINGER_MCP,423,364
INDEX_FINGER_PIP,426,404
INDEX_FINGER_DIP,428,429
INDEX_FINGER_TIP,431,449
MIDDLE_FINGER_MCP,441,353
MIDDLE_FINGER_PIP,444,374
MIDDLE_FINGER_DIP,430,350
MIDDLE_FINGER_TIP,420,330
RING_FINGER_MCP,457,337
RING_FINGER_PIP,454,348
RING_FINGER_DIP,435,325
RING_FINGER_TIP,426,309
PINKY_MCP,470,319
PINKY_PIP,465,330
PINKY_DIP,449,315
PINKY_TIP,443,304
WRIST,422,283
THUMB_CMC,405,297
THUMB_MCP,399,329
THUMB_IP,416,349
THUMB_TIP,438,354
INDEX_FINGER_MCP,422,360
INDEX_FINGER_PIP,426,396
INDEX_FINGER_DIP,428,422
INDEX_FINGER_TIP,430,442
MIDDLE_FINGER_MCP,441,351
MIDDLE_FINGER_PIP,447,375
MIDDLE_FINGER_DIP,432,358
MIDDLE_FINGER_TIP,422,343
RING_FINGER_MCP,456,336
RING_FINGER_PIP,455,349
RING_FINGER_DIP,435,326
RING_FINGER_TIP,425,309
PINKY_MCP,469,317
PINKY_PIP,468,332
PINKY_DIP,451,317
PINKY_TIP,444,306
WRIST,417,269
THUMB_CMC,403,294
THUMB_MCP,398,328
THUMB_IP,415,350
THUMB_TIP,439,358
INDEX_FINGER_MCP,421,363
INDEX_FINGER_PIP,424,403
INDEX_FINGER_DIP,426,428
INDEX_FINGER_TIP,430,449
MIDDLE_FINGER_MCP,439,351
MIDDLE_FINGER_PIP,444,376
MIDDLE_FINGER_DIP,430,353
MIDDLE_FINGER_TIP,421,334
RING_FINGER_MCP,455,336
RING_FINGER_PIP,453,349
RING_FINGER_DIP,434,325
RING_FINGER_TIP,426,309
PINKY_MCP,469,318
PINKY_PIP,464,330
PINKY_DIP,449,316
PINKY_TIP,443,305
WRIST,415,268
THUMB_CMC,401,294
THUMB_MCP,396,329
THUMB_IP,414,351
THUMB_TIP,438,358
INDEX_FINGER_MCP,421,364
INDEX_FINGER_PIP,424,403
INDEX_FINGER_DIP,427,428
INDEX_FINGER_TIP,431,449
MIDDLE_FINGER_MCP,439,352
MIDDLE_FINGER_PIP,446,378
MIDDLE_FINGER_DIP,432,357
MIDDLE_FINGER_TIP,422,338
RING_FINGER_MCP,454,337
RING_FINGER_PIP,453,350
RING_FINGER_DIP,434,327
RING_FINGER_TIP,425,311
PINKY_MCP,468,318
PINKY_PIP,464,332
PINKY_DIP,448,317
PINKY_TIP,441,305
WRIST,422,283
THUMB_CMC,405,296
THUMB_MCP,398,330
THUMB_IP,414,351
THUMB_TIP,437,355
INDEX_FINGER_MCP,422,360
INDEX_FINGER_PIP,427,394
INDEX_FINGER_DIP,429,419
INDEX_FINGER_TIP,431,438
MIDDLE_FINGER_MCP,441,351
MIDDLE_FINGER_PIP,446,376
MIDDLE_FINGER_DIP,432,358
MIDDLE_FINGER_TIP,424,342
RING_FINGER_MCP,457,336
RING_FINGER_PIP,455,351
RING_FINGER_DIP,434,326
RING_FINGER_TIP,426,309
PINKY_MCP,471,317
PINKY_PIP,468,332
PINKY_DIP,450,316
PINKY_TIP,444,304
WRIST,415,269
THUMB_CMC,401,295
THUMB_MCP,396,329
THUMB_IP,413,351
THUMB_TIP,437,357
INDEX_FINGER_MCP,421,364
INDEX_FINGER_PIP,424,404
INDEX_FINGER_DIP,427,429
INDEX_FINGER_TIP,431,450
MIDDLE_FINGER_MCP,439,353
MIDDLE_FINGER_PIP,446,378
MIDDLE_FINGER_DIP,432,356
MIDDLE_FINGER_TIP,422,337
RING_FINGER_MCP,454,337
RING_FINGER_PIP,453,350
RING_FINGER_DIP,434,327
RING_FINGER_TIP,425,311
PINKY_MCP,467,318
PINKY_PIP,464,331
PINKY_DIP,448,317
PINKY_TIP,440,304
WRIST,414,270
THUMB_CMC,401,296
THUMB_MCP,398,329
THUMB_IP,414,350
THUMB_TIP,436,357
INDEX_FINGER_MCP,421,365
INDEX_FINGER_PIP,424,405
INDEX_FINGER_DIP,427,429
INDEX_FINGER_TIP,430,450
MIDDLE_FINGER_MCP,439,354
MIDDLE_FINGER_PIP,447,378
MIDDLE_FINGER_DIP,434,357
MIDDLE_FINGER_TIP,424,339
RING_FINGER_MCP,455,338
RING_FINGER_PIP,453,349
RING_FINGER_DIP,435,326
RING_FINGER_TIP,426,310
PINKY_MCP,467,319
PINKY_PIP,464,331
PINKY_DIP,449,316
PINKY_TIP,441,305
WRIST,415,269
THUMB_CMC,401,296
THUMB_MCP,397,330
THUMB_IP,416,351
THUMB_TIP,439,358
INDEX_FINGER_MCP,422,365
INDEX_FINGER_PIP,425,404
INDEX_FINGER_DIP,427,428
INDEX_FINGER_TIP,430,448
MIDDLE_FINGER_MCP,440,354
MIDDLE_FINGER_PIP,446,376
MIDDLE_FINGER_DIP,432,354
MIDDLE_FINGER_TIP,422,336
RING_FINGER_MCP,456,338
RING_FINGER_PIP,454,350
RING_FINGER_DIP,435,327
RING_FINGER_TIP,426,311
PINKY_MCP,469,319
PINKY_PIP,465,331
PINKY_DIP,449,316
PINKY_TIP,442,305
WRIST,415,269
THUMB_CMC,402,296
THUMB_MCP,398,329
THUMB_IP,414,350
THUMB_TIP,437,357
INDEX_FINGER_MCP,423,363
INDEX_FINGER_PIP,425,403
INDEX_FINGER_DIP,428,428
INDEX_FINGER_TIP,431,449
MIDDLE_FINGER_MCP,440,352
MIDDLE_FINGER_PIP,446,376
MIDDLE_FINGER_DIP,433,354
MIDDLE_FINGER_TIP,423,336
RING_FINGER_MCP,456,337
RING_FINGER_PIP,455,350
RING_FINGER_DIP,436,327
RING_FINGER_TIP,427,310
PINKY_MCP,469,318
PINKY_PIP,466,331
PINKY_DIP,450,317
PINKY_TIP,442,306
WRIST,415,269
THUMB_CMC,402,296
THUMB_MCP,398,329
THUMB_IP,414,351
THUMB_TIP,437,358
INDEX_FINGER_MCP,423,363
INDEX_FINGER_PIP,425,403
INDEX_FINGER_DIP,428,427
INDEX_FINGER_TIP,431,448
MIDDLE_FINGER_MCP,441,352
MIDDLE_FINGER_PIP,446,375
MIDDLE_FINGER_DIP,433,354
MIDDLE_FINGER_TIP,423,335
RING_FINGER_MCP,456,337
RING_FINGER_PIP,454,350
RING_FINGER_DIP,436,327
RING_FINGER_TIP,427,310
PINKY_MCP,469,318
PINKY_PIP,466,331
PINKY_DIP,450,317
PINKY_TIP,442,305
WRIST,423,283
THUMB_CMC,405,298
THUMB_MCP,399,331
THUMB_IP,415,351
THUMB_TIP,438,357
INDEX_FINGER_MCP,423,364
INDEX_FINGER_PIP,426,401
INDEX_FINGER_DIP,429,426
INDEX_FINGER_TIP,430,446
MIDDLE_FINGER_MCP,442,353
MIDDLE_FINGER_PIP,448,376
MIDDLE_FINGER_DIP,436,358
MIDDLE_FINGER_TIP,426,342
RING_FINGER_MCP,457,338
RING_FINGER_PIP,455,351
RING_FINGER_DIP,436,328
RING_FINGER_TIP,426,311
PINKY_MCP,470,318
PINKY_PIP,469,332
PINKY_DIP,451,318
PINKY_TIP,443,306
WRIST,416,271
THUMB_CMC,402,298
THUMB_MCP,398,330
THUMB_IP,415,351
THUMB_TIP,437,360
INDEX_FINGER_MCP,422,366
INDEX_FINGER_PIP,425,404
INDEX_FINGER_DIP,428,429
INDEX_FINGER_TIP,432,449
MIDDLE_FINGER_MCP,440,354
MIDDLE_FINGER_PIP,447,377
MIDDLE_FINGER_DIP,433,354
MIDDLE_FINGER_TIP,421,335
RING_FINGER_MCP,455,338
RING_FINGER_PIP,455,351
RING_FINGER_DIP,436,327
RING_FINGER_TIP,426,311
PINKY_MCP,468,318
PINKY_PIP,466,331
PINKY_DIP,450,316
PINKY_TIP,443,304
WRIST,415,272
THUMB_CMC,402,299
THUMB_MCP,398,333
THUMB_IP,415,355
THUMB_TIP,439,362
INDEX_FINGER_MCP,423,365
INDEX_FINGER_PIP,425,405
INDEX_FINGER_DIP,428,429
INDEX_FINGER_TIP,431,450
MIDDLE_FINGER_MCP,441,353
MIDDLE_FINGER_PIP,448,379
MIDDLE_FINGER_DIP,434,358
MIDDLE_FINGER_TIP,423,339
RING_FINGER_MCP,456,337
RING_FINGER_PIP,456,351
RING_FINGER_DIP,436,328
RING_FINGER_TIP,426,312
PINKY_MCP,469,318
PINKY_PIP,466,333
PINKY_DIP,449,318
PINKY_TIP,441,305
WRIST,424,283
THUMB_CMC,407,298
THUMB_MCP,401,331
THUMB_IP,417,353
THUMB_TIP,440,359
INDEX_FINGER_MCP,425,364
INDEX_FINGER_PIP,428,400
INDEX_FINGER_DIP,431,425
INDEX_FINGER_TIP,434,444
MIDDLE_FINGER_MCP,443,353
MIDDLE_FINGER_PIP,450,378
MIDDLE_FINGER_DIP,435,360
MIDDLE_FINGER_TIP,425,342
RING_FINGER_MCP,459,338
RING_FINGER_PIP,456,353
RING_FINGER_DIP,437,330
RING_FINGER_TIP,427,313
PINKY_MCP,471,319
PINKY_PIP,470,335
PINKY_DIP,452,321
PINKY_TIP,444,308
WRIST,416,273
THUMB_CMC,404,299
THUMB_MCP,400,332
THUMB_IP,416,353
THUMB_TIP,438,362
INDEX_FINGER_MCP,423,366
INDEX_FINGER_PIP,426,405
INDEX_FINGER_DIP,429,429
INDEX_FINGER_TIP,433,450
MIDDLE_FINGER_MCP,441,354
MIDDLE_FINGER_PIP,448,379
MIDDLE_FINGER_DIP,434,356
MIDDLE_FINGER_TIP,423,338
RING_FINGER_MCP,455,338
RING_FINGER_PIP,457,353
RING_FINGER_DIP,438,330
RING_FINGER_TIP,427,314
PINKY_MCP,468,319
PINKY_PIP,467,333
PINKY_DIP,451,319
PINKY_TIP,443,307
WRIST,417,273
THUMB_CMC,404,299
THUMB_MCP,400,332
THUMB_IP,416,354
THUMB_TIP,439,362
INDEX_FINGER_MCP,423,366
INDEX_FINGER_PIP,426,406
INDEX_FINGER_DIP,429,430
INDEX_FINGER_TIP,433,450
MIDDLE_FINGER_MCP,441,355
MIDDLE_FINGER_PIP,448,379
MIDDLE_FINGER_DIP,434,357
MIDDLE_FINGER_TIP,423,337
RING_FINGER_MCP,456,339
RING_FINGER_PIP,457,353
RING_FINGER_DIP,438,330
RING_FINGER_TIP,427,314
PINKY_MCP,468,320
PINKY_PIP,468,334
PINKY_DIP,452,320
PINKY_TIP,444,308
WRIST,417,274
THUMB_CMC,404,300
THUMB_MCP,402,333
THUMB_IP,418,355
THUMB_TIP,441,363
INDEX_FINGER_MCP,424,367
INDEX_FINGER_PIP,428,406
INDEX_FINGER_DIP,431,431
INDEX_FINGER_TIP,435,452
MIDDLE_FINGER_MCP,442,356
MIDDLE_FINGER_PIP,450,381
MIDDLE_FINGER_DIP,436,359
MIDDLE_FINGER_TIP,425,339
RING_FINGER_MCP,457,340
RING_FINGER_PIP,459,355
RING_FINGER_DIP,439,331
RING_FINGER_TIP,428,314
PINKY_MCP,470,320
PINKY_PIP,469,336
PINKY_DIP,452,320
PINKY_TIP,444,307
WRIST,416,274
THUMB_CMC,403,301
THUMB_MCP,402,333
THUMB_IP,418,355
THUMB_TIP,440,365
INDEX_FINGER_MCP,425,366
INDEX_FINGER_PIP,428,405
INDEX_FINGER_DIP,431,429
INDEX_FINGER_TIP,435,450
MIDDLE_FINGER_MCP,442,354
MIDDLE_FINGER_PIP,450,381
MIDDLE_FINGER_DIP,437,360
MIDDLE_FINGER_TIP,425,340
RING_FINGER_MCP,457,339
RING_FINGER_PIP,459,356
RING_FINGER_DIP,441,333
RING_FINGER_TIP,430,316
PINKY_MCP,470,320
PINKY_PIP,469,335
PINKY_DIP,453,321
PINKY_TIP,444,308
WRIST,416,274
THUMB_CMC,403,301
THUMB_MCP,403,334
THUMB_IP,419,355
THUMB_TIP,441,365
INDEX_FINGER_MCP,425,367
INDEX_FINGER_PIP,428,406
INDEX_FINGER_DIP,431,431
INDEX_FINGER_TIP,435,452
MIDDLE_FINGER_MCP,442,356
MIDDLE_FINGER_PIP,451,381
MIDDLE_FINGER_DIP,438,360
MIDDLE_FINGER_TIP,426,340
RING_FINGER_MCP,457,340
RING_FINGER_PIP,460,356
RING_FINGER_DIP,442,333
RING_FINGER_TIP,431,316
PINKY_MCP,470,321
PINKY_PIP,469,334
PINKY_DIP,453,320
PINKY_TIP,445,308
WRIST,417,276
THUMB_CMC,404,303
THUMB_MCP,403,336
THUMB_IP,420,357
THUMB_TIP,442,368
INDEX_FINGER_MCP,425,369
INDEX_FINGER_PIP,429,408
INDEX_FINGER_DIP,432,433
INDEX_FINGER_TIP,435,454
MIDDLE_FINGER_MCP,443,357
MIDDLE_FINGER_PIP,450,382
MIDDLE_FINGER_DIP,436,359
MIDDLE_FINGER_TIP,425,340
RING_FINGER_MCP,458,341
RING_FINGER_PIP,460,357
RING_FINGER_DIP,441,335
RING_FINGER_TIP,430,318
PINKY_MCP,470,322
PINKY_PIP,469,336
PINKY_DIP,453,322
PINKY_TIP,445,310
WRIST,416,275
THUMB_CMC,404,302
THUMB_MCP,401,335
THUMB_IP,417,358
THUMB_TIP,440,368
INDEX_FINGER_MCP,424,369
INDEX_FINGER_PIP,427,407
INDEX_FINGER_DIP,430,432
INDEX_FINGER_TIP,434,453
MIDDLE_FINGER_MCP,442,357
MIDDLE_FINGER_PIP,449,383
MIDDLE_FINGER_DIP,434,359
MIDDLE_FINGER_TIP,423,340
RING_FINGER_MCP,457,342
RING_FINGER_PIP,459,357
RING_FINGER_DIP,440,334
RING_FINGER_TIP,429,317
PINKY_MCP,470,323
PINKY_PIP,469,338
PINKY_DIP,453,322
PINKY_TIP,446,310
WRIST,415,276
THUMB_CMC,402,303
THUMB_MCP,401,336
THUMB_IP,418,359
THUMB_TIP,440,370
INDEX_FINGER_MCP,424,369
INDEX_FINGER_PIP,427,408
INDEX_FINGER_DIP,430,433
INDEX_FINGER_TIP,434,453
MIDDLE_FINGER_MCP,442,358
MIDDLE_FINGER_PIP,449,382
MIDDLE_FINGER_DIP,434,360
MIDDLE_FINGER_TIP,423,342
RING_FINGER_MCP,457,342
RING_FINGER_PIP,458,358
RING_FINGER_DIP,439,336
RING_FINGER_TIP,428,318
PINKY_MCP,470,323
PINKY_PIP,468,337
PINKY_DIP,451,323
PINKY_TIP,443,311
WRIST,415,276
THUMB_CMC,403,303
THUMB_MCP,401,336
THUMB_IP,418,359
THUMB_TIP,439,370
INDEX_FINGER_MCP,424,369
INDEX_FINGER_PIP,427,408
INDEX_FINGER_DIP,430,433
INDEX_FINGER_TIP,433,453
MIDDLE_FINGER_MCP,442,358
MIDDLE_FINGER_PIP,448,382
MIDDLE_FINGER_DIP,433,360
MIDDLE_FINGER_TIP,423,341
RING_FINGER_MCP,457,342
RING_FINGER_PIP,458,358
RING_FINGER_DIP,439,335
RING_FINGER_TIP,428,318
PINKY_MCP,470,323
PINKY_PIP,468,337
PINKY_DIP,451,324
PINKY_TIP,443,311
WRIST,414,277
THUMB_CMC,402,302
THUMB_MCP,400,336
THUMB_IP,415,359
THUMB_TIP,438,368
INDEX_FINGER_MCP,424,370
INDEX_FINGER_PIP,427,409
INDEX_FINGER_DIP,431,434
INDEX_FINGER_TIP,435,455
MIDDLE_FINGER_MCP,441,358
MIDDLE_FINGER_PIP,447,384
MIDDLE_FINGER_DIP,434,361
MIDDLE_FINGER_TIP,423,341
RING_FINGER_MCP,456,342
RING_FINGER_PIP,458,359
RING_FINGER_DIP,439,335
RING_FINGER_TIP,428,318
PINKY_MCP,469,323
PINKY_PIP,467,338
PINKY_DIP,451,323
PINKY_TIP,442,310
WRIST,414,277
THUMB_CMC,402,304
THUMB_MCP,401,337
THUMB_IP,417,360
THUMB_TIP,438,372
INDEX_FINGER_MCP,423,369
INDEX_FINGER_PIP,428,407
INDEX_FINGER_DIP,431,432
INDEX_FINGER_TIP,435,453
MIDDLE_FINGER_MCP,441,358
MIDDLE_FINGER_PIP,447,383
MIDDLE_FINGER_DIP,433,360
MIDDLE_FINGER_TIP,422,341
RING_FINGER_MCP,455,342
RING_FINGER_PIP,457,359
RING_FINGER_DIP,438,335
RING_FINGER_TIP,428,318
PINKY_MCP,468,323
PINKY_PIP,467,338
PINKY_DIP,451,324
PINKY_TIP,443,311
WRIST,414,278
THUMB_CMC,402,306
THUMB_MCP,402,339
THUMB_IP,419,361
THUMB_TIP,440,373
INDEX_FINGER_MCP,424,371
INDEX_FINGER_PIP,428,409
INDEX_FINGER_DIP,431,433
INDEX_FINGER_TIP,436,453
MIDDLE_FINGER_MCP,441,359
MIDDLE_FINGER_PIP,448,382
MIDDLE_FINGER_DIP,433,360
MIDDLE_FINGER_TIP,422,341
RING_FINGER_MCP,456,343
RING_FINGER_PIP,458,359
RING_FINGER_DIP,438,337
RING_FINGER_TIP,427,320
PINKY_MCP,468,324
PINKY_PIP,467,338
PINKY_DIP,450,324
PINKY_TIP,441,311
WRIST,414,278
THUMB_CMC,402,305
THUMB_MCP,401,339
THUMB_IP,418,361
THUMB_TIP,440,372
INDEX_FINGER_MCP,424,371
INDEX_FINGER_PIP,428,408
INDEX_FINGER_DIP,431,433
INDEX_FINGER_TIP,436,453
MIDDLE_FINGER_MCP,441,359
MIDDLE_FINGER_PIP,447,381
MIDDLE_FINGER_DIP,431,357
MIDDLE_FINGER_TIP,421,338
RING_FINGER_MCP,456,342
RING_FINGER_PIP,458,359
RING_FINGER_DIP,438,335
RING_FINGER_TIP,427,318
PINKY_MCP,468,323
PINKY_PIP,468,338
PINKY_DIP,451,323
PINKY_TIP,442,311
WRIST,413,277
THUMB_CMC,400,304
THUMB_MCP,398,338
THUMB_IP,415,360
THUMB_TIP,437,369
INDEX_FINGER_MCP,422,370
INDEX_FINGER_PIP,426,409
INDEX_FINGER_DIP,429,434
INDEX_FINGER_TIP,433,455
MIDDLE_FINGER_MCP,439,359
MIDDLE_FINGER_PIP,448,386
MIDDLE_FINGER_DIP,433,366
MIDDLE_FINGER_TIP,421,347
RING_FINGER_MCP,454,343
RING_FINGER_PIP,456,360
RING_FINGER_DIP,436,338
RING_FINGER_TIP,425,321
PINKY_MCP,467,323
PINKY_PIP,465,339
PINKY_DIP,449,325
PINKY_TIP,439,312
WRIST,411,278
THUMB_CMC,399,306
THUMB_MCP,399,339
THUMB_IP,415,360
THUMB_TIP,437,370
INDEX_FINGER_MCP,422,371
INDEX_FINGER_PIP,426,409
INDEX_FINGER_DIP,429,434
INDEX_FINGER_TIP,433,455
MIDDLE_FINGER_MCP,439,359
MIDDLE_FINGER_PIP,446,384
MIDDLE_FINGER_DIP,432,363
MIDDLE_FINGER_TIP,421,344
RING_FINGER_MCP,453,343
RING_FINGER_PIP,455,359
RING_FINGER_DIP,436,337
RING_FINGER_TIP,425,320
PINKY_MCP,465,323
PINKY_PIP,465,339
PINKY_DIP,449,325
PINKY_TIP,441,312
WRIST,412,279
THUMB_CMC,399,306
THUMB_MCP,398,340
THUMB_IP,416,361
THUMB_TIP,437,372
INDEX_FINGER_MCP,422,371
INDEX_FINGER_PIP,426,410
INDEX_FINGER_DIP,430,435
INDEX_FINGER_TIP,434,455
MIDDLE_FINGER_MCP,439,359
MIDDLE_FINGER_PIP,445,383
MIDDLE_FINGER_DIP,431,361
MIDDLE_FINGER_TIP,419,341
RING_FINGER_MCP,454,343
RING_FINGER_PIP,456,360
RING_FINGER_DIP,436,337
RING_FINGER_TIP,425,320
PINKY_MCP,465,323
PINKY_PIP,465,339
PINKY_DIP,449,325
PINKY_TIP,440,312
WRIST,411,279
THUMB_CMC,399,306
THUMB_MCP,399,340
THUMB_IP,416,361
THUMB_TIP,437,372
INDEX_FINGER_MCP,421,371
INDEX_FINGER_PIP,426,410
INDEX_FINGER_DIP,430,434
INDEX_FINGER_TIP,434,455
MIDDLE_FINGER_MCP,439,359
MIDDLE_FINGER_PIP,444,382
MIDDLE_FINGER_DIP,429,359
MIDDLE_FINGER_TIP,418,339
RING_FINGER_MCP,453,343
RING_FINGER_PIP,456,360
RING_FINGER_DIP,436,337
RING_FINGER_TIP,425,320
PINKY_MCP,465,323
PINKY_PIP,466,339
PINKY_DIP,449,325
PINKY_TIP,441,312
WRIST,410,280
THUMB_CMC,398,307
THUMB_MCP,397,341
THUMB_IP,413,363
THUMB_TIP,435,373
INDEX_FINGER_MCP,423,372
INDEX_FINGER_PIP,427,410
INDEX_FINGER_DIP,431,434
INDEX_FINGER_TIP,435,455
MIDDLE_FINGER_MCP,440,360
MIDDLE_FINGER_PIP,448,385
MIDDLE_FINGER_DIP,432,364
MIDDLE_FINGER_TIP,419,345
RING_FINGER_MCP,454,343
RING_FINGER_PIP,457,361
RING_FINGER_DIP,437,339
RING_FINGER_TIP,425,322
PINKY_MCP,466,323
PINKY_PIP,465,339
PINKY_DIP,448,325
PINKY_TIP,438,312
WRIST,410,281
THUMB_CMC,397,309
THUMB_MCP,398,342
THUMB_IP,413,364
THUMB_TIP,434,374
INDEX_FINGER_MCP,423,373
INDEX_FINGER_PIP,427,411
INDEX_FINGER_DIP,432,435
INDEX_FINGER_TIP,437,455
MIDDLE_FINGER_MCP,439,361
MIDDLE_FINGER_PIP,448,385
MIDDLE_FINGER_DIP,432,363
MIDDLE_FINGER_TIP,420,344
RING_FINGER_MCP,454,344
RING_FINGER_PIP,457,362
RING_FINGER_DIP,436,340
RING_FINGER_TIP,424,322
PINKY_MCP,465,324
PINKY_PIP,465,340
PINKY_DIP,447,327
PINKY_TIP,437,313
WRIST,409,281
THUMB_CMC,397,308
THUMB_MCP,398,341
THUMB_IP,412,364
THUMB_TIP,433,374
INDEX_FINGER_MCP,423,373
INDEX_FINGER_PIP,428,411
INDEX_FINGER_DIP,432,435
INDEX_FINGER_TIP,437,456
MIDDLE_FINGER_MCP,440,361
MIDDLE_FINGER_PIP,447,385
MIDDLE_FINGER_DIP,431,363
MIDDLE_FINGER_TIP,419,343
RING_FINGER_MCP,454,344
RING_FINGER_PIP,457,362
RING_FINGER_DIP,436,340
RING_FINGER_TIP,424,322
PINKY_MCP,465,324
PINKY_PIP,465,340
PINKY_DIP,447,326
PINKY_TIP,437,313
WRIST,409,280
THUMB_CMC,397,307
THUMB_MCP,397,341
THUMB_IP,411,365
THUMB_TIP,433,376
INDEX_FINGER_MCP,422,372
INDEX_FINGER_PIP,427,410
INDEX_FINGER_DIP,432,435
INDEX_FINGER_TIP,437,456
MIDDLE_FINGER_MCP,438,361
MIDDLE_FINGER_PIP,449,388
MIDDLE_FINGER_DIP,434,367
MIDDLE_FINGER_TIP,421,347
RING_FINGER_MCP,452,345
RING_FINGER_PIP,456,362
RING_FINGER_DIP,437,340
RING_FINGER_TIP,424,323
PINKY_MCP,464,325
PINKY_PIP,464,340
PINKY_DIP,447,327
PINKY_TIP,437,315
WRIST,396,288
THUMB_CMC,388,318
THUMB_MCP,394,352
THUMB_IP,407,374
THUMB_TIP,427,385
INDEX_FINGER_MCP,435,374
INDEX_FINGER_PIP,451,408
INDEX_FINGER_DIP,457,431
INDEX_FINGER_TIP,464,450
MIDDLE_FINGER_MCP,446,360
MIDDLE_FINGER_PIP,452,384
MIDDLE_FINGER_DIP,428,367
MIDDLE_FINGER_TIP,416,350
RING_FINGER_MCP,455,341
RING_FINGER_PIP,458,364
RING_FINGER_DIP,432,347
RING_FINGER_TIP,421,332
PINKY_MCP,461,318
PINKY_PIP,460,340
PINKY_DIP,440,331
PINKY_TIP,432,319
WRIST,394,305
THUMB_CMC,386,331
THUMB_MCP,395,368
THUMB_IP,409,392
THUMB_TIP,424,408
INDEX_FINGER_MCP,438,363
INDEX_FINGER_PIP,455,380
INDEX_FINGER_DIP,446,383
INDEX_FINGER_TIP,436,379
MIDDLE_FINGER_MCP,446,350
MIDDLE_FINGER_PIP,462,368
MIDDLE_FINGER_DIP,445,367
MIDDLE_FINGER_TIP,434,359
RING_FINGER_MCP,453,333
RING_FINGER_PIP,469,353
RING_FINGER_DIP,451,353
RING_FINGER_TIP,438,344
PINKY_MCP,458,314
PINKY_PIP,474,332
PINKY_DIP,460,337
PINKY_TIP,447,331
WRIST,383,295
THUMB_CMC,383,330
THUMB_MCP,392,365
THUMB_IP,406,389
THUMB_TIP,424,406
INDEX_FINGER_MCP,442,369
INDEX_FINGER_PIP,466,394
INDEX_FINGER_DIP,476,413
INDEX_FINGER_TIP,483,426
MIDDLE_FINGER_MCP,449,354
MIDDLE_FINGER_PIP,467,377
MIDDLE_FINGER_DIP,446,374
MIDDLE_FINGER_TIP,430,365
RING_FINGER_MCP,454,337
RING_FINGER_PIP,472,359
RING_FINGER_DIP,450,359
RING_FINGER_TIP,434,350
PINKY_MCP,457,315
PINKY_PIP,471,336
PINKY_DIP,455,340
PINKY_TIP,441,333
WRIST,355,307
THUMB_CMC,369,343
THUMB_MCP,399,372
THUMB_IP,425,390
THUMB_TIP,445,407
INDEX_FINGER_MCP,445,351
INDEX_FINGER_PIP,483,361
INDEX_FINGER_DIP,506,369
INDEX_FINGER_TIP,524,376
MIDDLE_FINGER_MCP,448,332
MIDDLE_FINGER_PIP,486,337
MIDDLE_FINGER_DIP,512,343
MIDDLE_FINGER_TIP,532,348
RING_FINGER_MCP,444,316
RING_FINGER_PIP,480,317
RING_FINGER_DIP,503,321
RING_FINGER_TIP,522,325
PINKY_MCP,433,300
PINKY_PIP,461,298
PINKY_DIP,481,299
PINKY_TIP,498,299
WRIST,351,314
THUMB_CMC,368,345
THUMB_MCP,399,371
THUMB_IP,425,390
THUMB_TIP,446,408
INDEX_FINGER_MCP,446,350
INDEX_FINGER_PIP,483,360
INDEX_FINGER_DIP,505,366
INDEX_FINGER_TIP,524,374
MIDDLE_FINGER_MCP,446,331
MIDDLE_FINGER_PIP,485,331
MIDDLE_FINGER_DIP,511,333
MIDDLE_FINGER_TIP,532,337
RING_FINGER_MCP,438,313
RING_FINGER_PIP,474,310
RING_FINGER_DIP,497,312
RING_FINGER_TIP,516,316
PINKY_MCP,423,297
PINKY_PIP,450,290
PINKY_DIP,467,289
PINKY_TIP,483,291
WRIST,338,313
THUMB_CMC,359,344
THUMB_MCP,393,366
THUMB_IP,423,383
THUMB_TIP,448,398
INDEX_FINGER_MCP,439,336
INDEX_FINGER_PIP,482,340
INDEX_FINGER_DIP,507,345
INDEX_FINGER_TIP,528,350
MIDDLE_FINGER_MCP,436,313
MIDDLE_FINGER_PIP,479,309
MIDDLE_FINGER_DIP,508,308
MIDDLE_FINGER_TIP,531,309
RING_FINGER_MCP,423,294
RING_FINGER_PIP,461,283
RING_FINGER_DIP,487,280
RING_FINGER_TIP,508,279
PINKY_MCP,401,278
PINKY_PIP,422,258
PINKY_DIP,438,248
PINKY_TIP,452,241
WRIST,337,314
THUMB_CMC,359,346
THUMB_MCP,392,368
THUMB_IP,422,383
THUMB_TIP,447,396
INDEX_FINGER_MCP,440,336
INDEX_FINGER_PIP,482,342
INDEX_FINGER_DIP,508,347
INDEX_FINGER_TIP,529,354
MIDDLE_FINGER_MCP,438,314
MIDDLE_FINGER_PIP,482,308
MIDDLE_FINGER_DIP,511,308
MIDDLE_FINGER_TIP,534,310
RING_FINGER_MCP,424,295
RING_FINGER_PIP,463,281
RING_FINGER_DIP,489,276
RING_FINGER_TIP,511,275
PINKY_MCP,403,280
PINKY_PIP,425,262
PINKY_DIP,442,254
PINKY_TIP,458,249
WRIST,322,317
THUMB_CMC,349,346
THUMB_MCP,390,361
THUMB_IP,423,370
THUMB_TIP,448,380
INDEX_FINGER_MCP,433,316
INDEX_FINGER_PIP,473,305
INDEX_FINGER_DIP,496,299
INDEX_FINGER_TIP,515,293
MIDDLE_FINGER_MCP,424,290
MIDDLE_FINGER_PIP,464,273
MIDDLE_FINGER_DIP,489,263
MIDDLE_FINGER_TIP,510,255
RING_FINGER_MCP,406,271
RING_FINGER_PIP,439,250
RING_FINGER_DIP,462,239
RING_FINGER_TIP,482,231
PINKY_MCP,380,257
PINKY_PIP,396,233
PINKY_DIP,407,218
PINKY_TIP,417,207
WRIST,297,333
THUMB_CMC,337,346
THUMB_MCP,383,342
THUMB_IP,416,333
THUMB_TIP,440,324
INDEX_FINGER_MCP,401,285
INDEX_FINGER_PIP,426,254
INDEX_FINGER_DIP,436,235
INDEX_FINGER_TIP,442,217
MIDDLE_FINGER_MCP,383,267
MIDDLE_FINGER_PIP,405,236
MIDDLE_FINGER_DIP,414,212
MIDDLE_FINGER_TIP,417,190
RING_FINGER_MCP,365,254
RING_FINGER_PIP,385,225
RING_FINGER_DIP,395,202
RING_FINGER_TIP,400,183
PINKY_MCP,344,245
PINKY_PIP,363,220
PINKY_DIP,375,200
PINKY_TIP,384,184
WRIST,294,366
THUMB_CMC,334,361
THUMB_MCP,370,344
THUMB_IP,397,332
THUMB_TIP,418,323
INDEX_FINGER_MCP,362,285
INDEX_FINGER_PIP,387,251
INDEX_FINGER_DIP,400,233
INDEX_FINGER_TIP,409,218
MIDDLE_FINGER_MCP,339,271
MIDDLE_FINGER_PIP,355,230
MIDDLE_FINGER_DIP,363,206
MIDDLE_FINGER_TIP,367,187
RING_FINGER_MCP,315,269
RING_FINGER_PIP,325,230
RING_FINGER_DIP,331,205
RING_FINGER_TIP,335,185
PINKY_MCP,292,276
PINKY_PIP,283,247
PINKY_DIP,278,226
PINKY_TIP,274,210
WRIST,298,366
THUMB_CMC,335,361
THUMB_MCP,371,346
THUMB_IP,395,332
THUMB_TIP,415,323
INDEX_FINGER_MCP,362,285
INDEX_FINGER_PIP,388,255
INDEX_FINGER_DIP,401,236
INDEX_FINGER_TIP,411,221
MIDDLE_FINGER_MCP,339,272
MIDDLE_FINGER_PIP,355,231
MIDDLE_FINGER_DIP,363,205
MIDDLE_FINGER_TIP,368,185
RING_FINGER_MCP,315,270
RING_FINGER_PIP,324,230
RING_FINGER_DIP,329,205
RING_FINGER_TIP,335,185
PINKY_MCP,290,278
PINKY_PIP,280,250
PINKY_DIP,274,230
PINKY_TIP,270,214
WRIST,300,386
THUMB_CMC,333,375
THUMB_MCP,365,353
THUMB_IP,390,337
THUMB_TIP,411,325
INDEX_FINGER_MCP,347,295
INDEX_FINGER_PIP,367,259
INDEX_FINGER_DIP,379,239
INDEX_FINGER_TIP,388,222
MIDDLE_FINGER_MCP,324,286
MIDDLE_FINGER_PIP,332,244
MIDDLE_FINGER_DIP,337,218
MIDDLE_FINGER_TIP,340,197
RING_FINGER_MCP,300,289
RING_FINGER_PIP,303,248
RING_FINGER_DIP,304,224
RING_FINGER_TIP,307,203
PINKY_MCP,277,300
PINKY_PIP,263,272
PINKY_DIP,254,252
PINKY_TIP,247,234
WRIST,293,397
THUMB_CMC,328,383
THUMB_MCP,358,359
THUMB_IP,382,340
THUMB_TIP,401,325
INDEX_FINGER_MCP,332,303
INDEX_FINGER_PIP,344,266
INDEX_FINGER_DIP,351,245
INDEX_FINGER_TIP,356,226
MIDDLE_FINGER_MCP,307,297
MIDDLE_FINGER_PIP,309,254
MIDDLE_FINGER_DIP,310,228
MIDDLE_FINGER_TIP,309,206
RING_FINGER_MCP,284,302
RING_FINGER_PIP,281,264
RING_FINGER_DIP,279,240
RING_FINGER_TIP,279,219
PINKY_MCP,262,317
PINKY_PIP,245,292
PINKY_DIP,232,276
PINKY_TIP,223,260
WRIST,293,396
THUMB_CMC,327,379
THUMB_MCP,357,354
THUMB_IP,379,332
THUMB_TIP,397,315
INDEX_FINGER_MCP,325,301
INDEX_FINGER_PIP,338,265
INDEX_FINGER_DIP,345,242
INDEX_FINGER_TIP,349,223
MIDDLE_FINGER_MCP,300,297
MIDDLE_FINGER_PIP,300,256
MIDDLE_FINGER_DIP,299,229
MIDDLE_FINGER_TIP,297,208
RING_FINGER_MCP,278,303
RING_FINGER_PIP,273,265
RING_FINGER_DIP,269,242
RING_FINGER_TIP,266,221
PINKY_MCP,259,319
PINKY_PIP,238,296
PINKY_DIP,224,281
PINKY_TIP,213,266
WRIST,292,396
THUMB_CMC,326,380
THUMB_MCP,356,354
THUMB_IP,378,332
THUMB_TIP,396,314
INDEX_FINGER_MCP,325,302
INDEX_FINGER_PIP,338,266
INDEX_FINGER_DIP,345,243
INDEX_FINGER_TIP,348,224
MIDDLE_FINGER_MCP,300,297
MIDDLE_FINGER_PIP,299,254
MIDDLE_FINGER_DIP,297,228
MIDDLE_FINGER_TIP,295,207
RING_FINGER_MCP,277,303
RING_FINGER_PIP,271,265
RING_FINGER_DIP,268,241
RING_FINGER_TIP,265,221
PINKY_MCP,257,319
PINKY_PIP,238,296
PINKY_DIP,224,280
PINKY_TIP,214,265
WRIST,294,397
THUMB_CMC,328,377
THUMB_MCP,355,351
THUMB_IP,375,328
THUMB_TIP,391,309
INDEX_FINGER_MCP,319,300
INDEX_FINGER_PIP,328,263
INDEX_FINGER_DIP,334,240
INDEX_FINGER_TIP,338,221
MIDDLE_FINGER_MCP,294,298
MIDDLE_FINGER_PIP,291,256
MIDDLE_FINGER_DIP,288,230
MIDDLE_FINGER_TIP,285,210
RING_FINGER_MCP,273,306
RING_FINGER_PIP,265,268
RING_FINGER_DIP,260,244
RING_FINGER_TIP,257,225
PINKY_MCP,255,323
PINKY_PIP,233,302
PINKY_DIP,219,288
PINKY_TIP,208,274
WRIST,302,410
THUMB_CMC,331,388
THUMB_MCP,353,357
THUMB_IP,372,332
THUMB_TIP,387,312
INDEX_FINGER_MCP,312,311
INDEX_FINGER_PIP,315,272
INDEX_FINGER_DIP,317,249
INDEX_FINGER_TIP,319,230
MIDDLE_FINGER_MCP,288,313
MIDDLE_FINGER_PIP,278,271
MIDDLE_FINGER_DIP,272,245
MIDDLE_FINGER_TIP,266,225
RING_FINGER_MCP,268,324
RING_FINGER_PIP,255,286
RING_FINGER_DIP,247,263
RING_FINGER_TIP,241,243
PINKY_MCP,253,344
PINKY_PIP,229,325
PINKY_DIP,212,312
PINKY_TIP,198,299
WRIST,302,416
THUMB_CMC,333,393
THUMB_MCP,356,362
THUMB_IP,372,335
THUMB_TIP,386,314
INDEX_FINGER_MCP,314,317
INDEX_FINGER_PIP,316,277
INDEX_FINGER_DIP,317,252
INDEX_FINGER_TIP,318,231
MIDDLE_FINGER_MCP,288,319
MIDDLE_FINGER_PIP,277,277
MIDDLE_FINGER_DIP,270,251
MIDDLE_FINGER_TIP,263,230
RING_FINGER_MCP,268,330
RING_FINGER_PIP,253,293
RING_FINGER_DIP,243,269
RING_FINGER_TIP,234,249
PINKY_MCP,252,350
PINKY_PIP,227,333
PINKY_DIP,209,320
PINKY_TIP,195,307
WRIST,301,417
THUMB_CMC,332,393
THUMB_MCP,356,361
THUMB_IP,372,335
THUMB_TIP,385,314
INDEX_FINGER_MCP,314,317
INDEX_FINGER_PIP,317,278
INDEX_FINGER_DIP,318,253
INDEX_FINGER_TIP,318,233
MIDDLE_FINGER_MCP,288,319
MIDDLE_FINGER_PIP,277,276
MIDDLE_FINGER_DIP,269,250
MIDDLE_FINGER_TIP,262,230
RING_FINGER_MCP,268,330
RING_FINGER_PIP,253,293
RING_FINGER_DIP,243,269
RING_FINGER_TIP,235,248
PINKY_MCP,252,350
PINKY_PIP,227,332
PINKY_DIP,209,319
PINKY_TIP,195,306
WRIST,301,420
THUMB_CMC,332,396
THUMB_MCP,354,365
THUMB_IP,371,338
THUMB_TIP,386,317
INDEX_FINGER_MCP,311,318
INDEX_FINGER_PIP,314,278
INDEX_FINGER_DIP,315,253
INDEX_FINGER_TIP,316,232
MIDDLE_FINGER_MCP,285,321
MIDDLE_FINGER_PIP,274,279
MIDDLE_FINGER_DIP,267,252
MIDDLE_FINGER_TIP,260,231
RING_FINGER_MCP,265,333
RING_FINGER_PIP,251,296
RING_FINGER_DIP,240,272
RING_FINGER_TIP,231,252
PINKY_MCP,250,354
PINKY_PIP,224,336
PINKY_DIP,206,323
PINKY_TIP,191,311
WRIST,288,419
THUMB_CMC,321,396
THUMB_MCP,345,364
THUMB_IP,362,337
THUMB_TIP,377,315
INDEX_FINGER_MCP,303,317
INDEX_FINGER_PIP,306,276
INDEX_FINGER_DIP,307,251
INDEX_FINGER_TIP,308,230
MIDDLE_FINGER_MCP,276,318
MIDDLE_FINGER_PIP,265,274
MIDDLE_FINGER_DIP,258,247
MIDDLE_FINGER_TIP,252,225
RING_FINGER_MCP,255,330
RING_FINGER_PIP,239,291
RING_FINGER_DIP,228,265
RING_FINGER_TIP,220,244
PINKY_MCP,239,350
PINKY_PIP,212,331
PINKY_DIP,193,317
PINKY_TIP,179,304
WRIST,259,423
THUMB_CMC,295,398
THUMB_MCP,321,365
THUMB_IP,338,335
THUMB_TIP,351,312
INDEX_FINGER_MCP,283,317
INDEX_FINGER_PIP,289,275
INDEX_FINGER_DIP,294,250
INDEX_FINGER_TIP,298,229
MIDDLE_FINGER_MCP,257,317
MIDDLE_FINGER_PIP,250,272
MIDDLE_FINGER_DIP,246,243
MIDDLE_FINGER_TIP,242,221
RING_FINGER_MCP,234,327
RING_FINGER_PIP,223,286
RING_FINGER_DIP,215,258
RING_FINGER_TIP,211,236
PINKY_MCP,216,347
PINKY_PIP,192,322
PINKY_DIP,177,304
PINKY_TIP,165,287
WRIST,234,428
THUMB_CMC,269,403
THUMB_MCP,295,369
THUMB_IP,312,341
THUMB_TIP,317,317
INDEX_FINGER_MCP,261,314
INDEX_FINGER_PIP,271,276
INDEX_FINGER_DIP,279,254
INDEX_FINGER_TIP,286,238
MIDDLE_FINGER_MCP,234,315
MIDDLE_FINGER_PIP,232,275
MIDDLE_FINGER_DIP,234,249
MIDDLE_FINGER_TIP,236,229
RING_FINGER_MCP,209,327
RING_FINGER_PIP,206,290
RING_FINGER_DIP,205,265
RING_FINGER_TIP,208,245
PINKY_MCP,186,348
PINKY_PIP,172,322
PINKY_DIP,166,302
PINKY_TIP,163,284
WRIST,232,428
THUMB_CMC,268,403
THUMB_MCP,296,369
THUMB_IP,312,342
THUMB_TIP,317,317
INDEX_FINGER_MCP,261,313
INDEX_FINGER_PIP,270,275
INDEX_FINGER_DIP,279,255
INDEX_FINGER_TIP,287,238
MIDDLE_FINGER_MCP,233,314
MIDDLE_FINGER_PIP,232,274
MIDDLE_FINGER_DIP,234,249
MIDDLE_FINGER_TIP,238,228
RING_FINGER_MCP,208,326
RING_FINGER_PIP,206,289
RING_FINGER_DIP,206,264
RING_FINGER_TIP,210,243
PINKY_MCP,185,347
PINKY_PIP,170,323
PINKY_DIP,164,303
PINKY_TIP,162,285
WRIST,351,364
THUMB_CMC,364,341
THUMB_MCP,385,322
THUMB_IP,400,305
THUMB_TIP,405,287
INDEX_FINGER_MCP,429,342
INDEX_FINGER_PIP,407,335
INDEX_FINGER_DIP,395,337
INDEX_FINGER_TIP,397,341
MIDDLE_FINGER_MCP,425,364
MIDDLE_FINGER_PIP,398,354
MIDDLE_FINGER_DIP,385,354
MIDDLE_FINGER_TIP,388,356
RING_FINGER_MCP,415,384
RING_FINGER_PIP,389,375
RING_FINGER_DIP,378,375
RING_FINGER_TIP,383,377
PINKY_MCP,403,400
PINKY_PIP,380,394
PINKY_DIP,371,393
PINKY_TIP,375,394
